{
    "train_loss": [
        0.8251214234068603,
        0.6707481285292375,
        0.6314977658509618,
        0.6010448120359437,
        0.5785802048164775,
        0.5580110352840942,
        0.5452199093490949,
        0.5249312218688474,
        0.5182090875392201,
        0.5090926168359844,
        0.4965944958410982,
        0.4888229093644469,
        0.48210561920155404,
        0.47757480619532805,
        0.47241926823175145,
        0.4605492404644805,
        0.46016812435039334,
        0.45351571445117334,
        0.4502572627975266,
        0.44457217588633924,
        0.43959710550838704,
        0.4376141718682017,
        0.42828084060597627,
        0.42619437075073846,
        0.4178461244949157,
        0.41970242222837817,
        0.4144282089580859,
        0.40846594320828894,
        0.40629309835775823,
        0.4030048592644657,
        0.3992919388085567,
        0.397870100896497,
        0.3904223709340738,
        0.38794726037566535,
        0.38983452439823907,
        0.385027618063395,
        0.3862100790251318,
        0.38208623228615385,
        0.38073164025696893,
        0.3804664756591594,
        0.3824412644056808,
        0.3776407068127902,
        0.3753230276118103,
        0.37812665134336804,
        0.37745194523900344,
        0.3753475047307197,
        0.37213249314848074,
        0.37513884109973317,
        0.3737221481957748,
        0.3737613795916878,
        0.37256555581564366,
        0.3697282757577849,
        0.37082229946982875,
        0.3687800625419735,
        0.36559370524803697,
        0.3688132081673525,
        0.36953501182300935,
        0.36733496595261567,
        0.367174791685583,
        0.36635528414594226,
        0.3673114506309053,
        0.3684410248389203,
        0.36753553450475956,
        0.3669879033019575,
        0.36603792754033,
        0.36462898104830344,
        0.3649618983342415,
        0.36637201072701125,
        0.36386838107748587,
        0.3647397737052149,
        0.3617488600783354,
        0.3614685350133403,
        0.3646065250168035
    ],
    "train_acc": [
        0.7907911001236094,
        0.8164400494437577,
        0.8167490729295427,
        0.8176761433868974,
        0.819221260815822,
        0.8238566131025958,
        0.8257107540173053,
        0.8315822002472187,
        0.8318912237330037,
        0.8349814585908529,
        0.8393077873918418,
        0.8362175525339925,
        0.8399258343634116,
        0.8420889987639061,
        0.8448702101359703,
        0.8488875154511742,
        0.8479604449938195,
        0.8488875154511742,
        0.8495055624227441,
        0.8547589616810878,
        0.853831891223733,
        0.853831891223733,
        0.8587762669962917,
        0.8553770086526576,
        0.861557478368356,
        0.8618665018541409,
        0.86557478368356,
        0.8658838071693449,
        0.8683559950556242,
        0.8646477132262052,
        0.8671199011124846,
        0.8686650185414091,
        0.869592088998764,
        0.869592088998764,
        0.8674289245982695,
        0.872991347342398,
        0.8686650185414091,
        0.8739184177997528,
        0.8736093943139679,
        0.8720642768850433,
        0.8702101359703337,
        0.8745364647713226,
        0.8711372064276885,
        0.8723733003708282,
        0.8742274412855378,
        0.872991347342398,
        0.8733003708281829,
        0.8726823238566132,
        0.8717552533992583,
        0.877008652657602,
        0.8742274412855378,
        0.8785537700865266,
        0.8760815822002472,
        0.8766996291718171,
        0.8745364647713226,
        0.8705191594561187,
        0.8739184177997528,
        0.8757725587144622,
        0.8726823238566132,
        0.8745364647713226,
        0.8760815822002472,
        0.8751545117428925,
        0.8757725587144622,
        0.877008652657602,
        0.8776266996291718,
        0.8742274412855378,
        0.877008652657602,
        0.8751545117428925,
        0.8763906056860321,
        0.8776266996291718,
        0.8763906056860321,
        0.8773176761433868,
        0.8779357231149567
    ],
    "val_loss": [
        0.6817544796624857,
        0.6371850920170116,
        0.6014151436622961,
        0.5753280640679065,
        0.5548353106728204,
        0.5398427058193801,
        0.5265662414196245,
        0.5150878132248474,
        0.5075656777671846,
        0.5062198760873646,
        0.4950645146005779,
        0.49232626528149037,
        0.4888807718107955,
        0.48330051952205405,
        0.4798639747354414,
        0.4773293279261685,
        0.48359549835710774,
        0.4753306801363783,
        0.47314022150781726,
        0.4712648263754006,
        0.4691878808420742,
        0.4640544985745757,
        0.46651924502437325,
        0.4658897204340707,
        0.46095827088747654,
        0.46036080586635414,
        0.458203000620394,
        0.46724262258161386,
        0.46148733107603934,
        0.4593360964691948,
        0.4666036049639457,
        0.4572207922550718,
        0.4545546171902236,
        0.45870634969270196,
        0.4564378084212284,
        0.4570978697851,
        0.4552274994788321,
        0.45477296308928333,
        0.4544615916886316,
        0.4535413682460785,
        0.45426316524960464,
        0.453963485806751,
        0.45477273918537997,
        0.4527425012344586,
        0.45459051267042627,
        0.45316167064118457,
        0.45293454048612963,
        0.4524650788444607,
        0.4526174673515369,
        0.45320059183008043,
        0.45403172075748444,
        0.4527599741557146,
        0.45240199535827474,
        0.4522670589451831,
        0.4525899236071694,
        0.45309296160163387,
        0.45302603481825904,
        0.45265898980221764,
        0.45254680905115363,
        0.4523566805405988,
        0.4521975944983513,
        0.45233228051181484,
        0.4521567764388725,
        0.45256527450998507,
        0.452555006493409,
        0.4523534623192092,
        0.4524798452940042,
        0.4524580127309997,
        0.45257777168874436,
        0.45256335964635747,
        0.45244726804903673,
        0.4524498007740686,
        0.4524382130385132
    ],