{
    "accuracy": 0.8645045045045046,
    "macro_avg_f1": 0.5989000547596456,
    "weighted_avg_f1": 0.8532581031152933,
    "confusion_matrix": [
        [
            66,
            70,
            3,
            0,
            3
        ],
        [
            27,
            2170,
            42,
            4,
            23
        ],
        [
            5,
            102,
            111,
            0,
            0
        ],
        [
            4,
            16,
            4,
            23,
            3
        ],
        [
            7,
            59,
            3,
            1,
            29
        ]
    ],
    "classification_report": {
        "Anger": {
            "precision": 0.6055045871559633,
            "recall": 0.4647887323943662,
            "f1-score": 0.5258964143426295,
            "support": 142.0
        },
        "Neutral": {
            "precision": 0.8978071990070335,
            "recall": 0.9576345984112974,
            "f1-score": 0.9267563527653214,
            "support": 2266.0
        },
        "Joy": {
            "precision": 0.6809815950920245,
            "recall": 0.5091743119266054,
            "f1-score": 0.5826771653543307,
            "support": 218.0
        },
        "Sadness": {
            "precision": 0.8214285714285714,
            "recall": 0.46,
            "f1-score": 0.5897435897435898,
            "support": 50.0
        },
        "Fear": {
            "precision": 0.5,
            "recall": 0.29292929292929293,
            "f1-score": 0.36942675159235666,
            "support": 99.0
        },
        "accuracy": 0.8645045045045046,
        "macro avg": {
            "precision": 0.7011443905367185,
            "recall": 0.5369053871323124,
            "f1-score": 0.5989000547596456,
            "support": 2775.0
        },
        "weighted avg": {
            "precision": 0.8502479930189458,
            "recall": 0.8645045045045046,
            "f1-score": 0.8532581031152933,
            "support": 2775.0
        }
    }
}