{
    "train_loss": [
        1.4077790962679206,
        1.21305467438591,
        1.1437747091372599,
        1.0725443170001772,
        1.015812039844923,
        0.9652481286838437,
        0.9274246370600858,
        0.8885934943120041,
        0.8555713646400478,
        0.8343082650144631,
        0.8105474749599305,
        0.7857911597074653,
        0.7680214826076895,
        0.7489655363620497,
        0.7364629316754454,
        0.7221622034071697,
        0.7084881255629625,
        0.6935124027108402,
        0.6830493516537463,
        0.6695302710427432,
        0.6538918144723538,
        0.6440383348733109,
        0.6367867036090832,
        0.6174273522674034,
        0.6151032322031,
        0.6052057349652388,
        0.5924538313219099,
        0.5839748242603798,
        0.5842494465791699,
        0.5658602427611225,
        0.5658509845290176,
        0.5549563748858986,
        0.5526216968804225,
        0.5390322979498772,
        0.5269010500001443,
        0.5244740787372695,
        0.5233086882852318,
        0.5056215205839718,
        0.5014522574276823,
        0.4969487414097797,
        0.4947190562724404,
        0.48999685707442936,
        0.48303556510861795,
        0.47544095269148967,
        0.46609681435867456,
        0.4657975729919191,
        0.4520561337084264,
        0.4556463275518554,
        0.45147503282378154,
        0.44434711535526134,
        0.4380368221704842,
        0.4337003292766509,
        0.42677253671191895,
        0.4265871134254418,
        0.4191737738276088,
        0.4138194041045504,
        0.4162244497141292,
        0.4099947793045792,
        0.4107455063709682,
        0.40526790281324065
    ],
    "train_acc": [
        0.739069983006334,
        0.8163139193573304,
        0.8167773829754365,
        0.8215665070291982,
        0.8280549976826819,
        0.8345434883361657,
        0.8334620732272516,
        0.8354704155723776,
        0.8345434883361657,
        0.8382511972810135,
        0.8342345125907616,
        0.8391781245172254,
        0.8405685153715433,
        0.8405685153715433,
        0.8367063185539935,
        0.8405685153715433,
        0.8428858334620732,
        0.8435037849528813,
        0.847057006025027,
        0.8459755909161131,
        0.848292909006643,
        0.8493743241155569,
        0.8533910088058088,
        0.8589525722230805,
        0.8536999845512128,
        0.8572532056233586,
        0.8580256449868685,
        0.8592615479684845,
        0.8578711571141665,
        0.8618878418044184,
        0.8632782326587363,
        0.8638961841495443,
        0.8631237447860343,
        0.8654410628765642,
        0.8677583809670941,
        0.86899428394871,
        0.868685308203306,
        0.868376332457902,
        0.871002626293836,
        0.8730109686389619,
        0.8722385292754519,
        0.8720840414027499,
        0.8742468716205778,
        0.8768731654565116,
        0.8761007260930017,
        0.8762552139657037,
        0.8808898501467635,
        0.8727019928935579,
        0.8759462382202997,
        0.8796539471651476,
        0.8784180441835316,
        0.8825892167464854,
        0.8821257531283794,
        0.8824347288737834,
        0.8879962922910551,
        0.8822802410010814,
        0.8833616561099954,
        0.890777073999691,
        0.8828981924918894,
        0.8856789742005252
    ],
    "val_loss": [
        1.2533352161527753,
        1.182407456582731,
        1.1167135941874873,
        1.0611848282384442,
        1.0151643132089494,
        0.980075892607371,
        0.9479473825617953,
        0.9238223663965861,
        0.9009394213315602,
        0.883840627670288,
        0.8683885325612248,
        0.8547331793888195,
        0.8444682277967264,
        0.8326997287853344,
        0.8260851740837097,
        0.815100246388633,
        0.8063569086951179,
        0.7991245509482718,
        0.7944205151914476,
        0.7888243887231157,
        0.7827006261735349,
        0.7767141968065554,
        0.7732374073578431,
        0.7671368679592201,
        0.7640582088844197,
        0.7594086377899926,
        0.7608100654842618,
        0.7518521166169966,
        0.751488242782988,
        0.7485248802911054,
        0.7475666813700049,
        0.7444043523126894,
        0.7404195127830849,
        0.7401135741805172,
        0.7366104933270463,
        0.7320877930280325,
        0.7353134314702438,
        0.7302763255705704,
        0.7308596713800688,
        0.727326566721942,
        0.7264827865738053,
        0.7232570315803494,
        0.722340115072491,
        0.7219380429413942,
        0.725907609060004,
        0.7221403523071392,
        0.7208970487976933,
        0.7182947551720851,
        0.7214054072708697,
        0.7162962822656374,
        0.7223441356957496,
        0.7235772446361748,
        0.7201526947118141,
        0.7209376126635182,
        0.719394853109712,
        0.7170973001621865,
        0.7188775815029402,
        0.7196190966356982,
        0.718214703320383,
        0.719178327531428
    ],
    "val_acc": [
        0.8165765765765766,
        0.8165765765765766,
        0.8198198198198198,
        0.8245045045045045,
        0.825945945945946,
        0.8255855855855856,
        0.827027027027027,
        0.8234234234234235,
        0.8252252252252252,
        0.8212612612612613,
        0.8255855855855856,
        0.8245045045045045,
        0.8306306306306306,
        0.8263063063063063,
        0.8313513513513513,
        0.8255855855855856,
        0.8151351351351351,
        0.8201801801801801,
        0.8245045045045045,
        0.8234234234234235,
        0.8212612612612613,
        0.8216216216216217,
        0.8230630630630631,
        0.8183783783783783,
        0.821981981981982,
        0.8205405405405405,
        0.8295495495495495,
        0.8190990990990991,
        0.8263063063063063,
        0.8273873873873874,
        0.8273873873873874,
        0.8277477477477477,
        0.8277477477477477,
        0.8295495495495495,
        0.8277477477477477,
        0.825945945945946,
        0.8324324324324325,
        0.8284684684684684,
        0.8288288288288288,
        0.8284684684684684,
        0.8306306306306306,
        0.8302702702702702,
        0.825945945945946,
        0.8309909909909909,
        0.8306306306306306,
        0.8313513513513513,
        0.8302702702702702,
        0.8288288288288288,
        0.8353153153153153,
        0.8277477477477477,
        0.8374774774774775,
        0.8385585585585585,
        0.8356756756756757,
        0.8338738738738739,
        0.8378378378378378,
        0.8324324324324325,
        0.8356756756756757,
        0.8371171171171171,
        0.834954954954955,
        0.8363963963963964
    ],
    "learning_rate": [
        0.0001,
        0.0001,
        0.0001,
        0.0001,
        0.0001,
        0.0001,
        0.0001,
        0.0001,
        0.0001,
        0.0001,
        0.0001,
        0.0001,
        0.0001,
        0.0001,
        0.0001,
        0.0001,
        0.0001,
        0.0001,
        0.0001,
        0.0001,
        0.0001,
        0.0001,
        0.0001,
        0.0001,
        0.0001,
        0.0001,
        0.0001,
        0.0001,
        0.0001,
        0.0001,
        0.0001,
        0.0001,
        0.0001,
        0.0001,
        0.0001,
        0.0001,
        0.0001,
        0.0001,
        0.0001,
        0.0001,
        0.0001,
        0.0001,
        0.0001,
        0.0001,
        0.0001,
        0.0001,
        0.0001,
        0.0001,
        0.0001,
        0.0001,
        0.0001,
        0.0001,
        0.0001,
        5e-05,
        5e-05,
        5e-05,
        5e-05,
        2.5e-05,
        2.5e-05,
        2.5e-05
    ]
}