{
    "train_loss": [
        1.3341725672689155,
        1.122160515598475,
        1.040329439183687,
        0.9789391902283873,
        0.9327181214603375,
        0.8992729994017908,
        0.8705641718380753,
        0.8451858215458736,
        0.8221943828360883,
        0.8075669728289722,
        0.7923226861483749,
        0.780386867431848,
        0.7562607666835818,
        0.7563405717411863,
        0.7429754632611041,
        0.7273562380837709,
        0.7147390465868619,
        0.7094635647138451,
        0.6970008667664901,
        0.6892294009870343,
        0.6846839622406655,
        0.6729766459318064,
        0.6686466100980929,
        0.6586713816584419,
        0.6511606902422759,
        0.6396219142710207,
        0.6373028443490595,
        0.6314119503613363,
        0.6269041951760136,
        0.620757603689524,
        0.608857078710535,
        0.6024380527101785,
        0.5990935452437817,
        0.5955475415178674,
        0.5852574642080622,
        0.5696114732625034,
        0.5670064419033758,
        0.5589601334622373,
        0.556825502710145,
        0.5511124283006271,
        0.54906481319816,
        0.5427286498940342,
        0.5370414141302552,
        0.5259966556171021,
        0.5250764387423337,
        0.5203015229653376,
        0.5151148734727341,
        0.5086866512689748,
        0.5021102544413493,
        0.4970328866291337,
        0.4927305150382876,
        0.4860560673844514,
        0.4807893466851856,
        0.47844276602211494,
        0.4748941653573714,
        0.4701393729298225,
        0.4748495565432403,
        0.47149835061699163,
        0.47099662122670455,
        0.4658955324290986,
        0.46309862701947735,
        0.462507557881849,
        0.4570100545174148,
        0.45370554539569097,
        0.4581925252407315,
        0.45310322764703265,
        0.44818864328156255,
        0.45307587061601645,
        0.44733033294372393,
        0.4463675075855061,
        0.44526728059507753,
        0.44325752863647505,
        0.44537154344213664,
        0.445438084822616,
        0.4454249806176119,
        0.4513188051915916,
        0.44527315360702724,
        0.44498323546611745,
        0.44199559534515015,
        0.4396034254668467,
        0.44537751657709024
    ],
    "train_acc": [
        0.760234821566507,
        0.8152325042484165,
        0.8158504557392244,
        0.8138421133940985,
        0.8116792831762707,
        0.8102888923219528,
        0.8124517225397806,
        0.8132241619032906,
        0.8124517225397806,
        0.8195581646840723,
        0.8167773829754365,
        0.8169318708481385,
        0.8234203615016221,
        0.8215665070291982,
        0.8229568978835161,
        0.8240383129924301,
        0.8288274370461919,
        0.827591534064576,
        0.8283639734280859,
        0.827591534064576,
        0.8308357793913178,
        0.8288274370461919,
        0.8320716823729337,
        0.8337710489726556,
        0.8319171945002317,
        0.8367063185539935,
        0.8348524640815695,
        0.8394871002626294,
        0.8368608064266955,
        0.8368608064266955,
        0.8416499304804573,
        0.8416499304804573,
        0.8447396879344972,
        0.847983933261239,
        0.8445852000617952,
        0.8501467634790669,
        0.8492198362428549,
        0.8506102270971728,
        0.8563262783871466,
        0.8509192028425768,
        0.8543179360420207,
        0.8549358875328287,
        0.8557083268963387,
        0.8612698903136103,
        0.8592615479684845,
        0.8600339873319944,
        0.8606519388228024,
        0.8620423296771204,
        0.8597250115865904,
        0.8643596477676503,
        0.8655955507492662,
        0.8702301869303259,
        0.8679128688397961,
        0.871002626293836,
        0.8676038930943921,
        0.8700756990576239,
        0.8736289201297698,
        0.8725475050208559,
        0.8723930171481539,
        0.8739378958751738,
        0.8757917503475977,
        0.8745558473659818,
        0.8801174107832536,
        0.8791904835470415,
        0.8773366290746176,
        0.8822802410010814,
        0.8799629229105516,
        0.8787270199289355,
        0.8782635563108296,
        0.8742468716205778,
        0.8778000926927236,
        0.8790359956743395,
        0.8804263865286575,
        0.8782635563108296,
        0.8794994592924456,
        0.8818167773829755,
        0.8788815078016375,
        0.8781090684381276,
        0.8799629229105516,
        0.8827437046191874,
        0.8807353622740615
    ],
    "val_loss": [
        1.175711332269617,
        1.0817736060125334,
        1.0177028081223771,
        0.9664360427641654,
        0.930450709940077,
        0.9048832301835756,
        0.8852357276710304,
        0.8709944594872965,
        0.8574791494146123,
        0.8454420347901078,
        0.8380676754100903,
        0.8306135250748815,
        0.821099797079155,
        0.8141054844211888,
        0.8087983005326074,
        0.8042643238402701,
        0.7997794898028846,
        0.7953364524218414,
        0.7937259359510095,
        0.7921385704504477,
        0.7861147621193447,
        0.7819303171269528,
        0.7797221556010547,
        0.7788027735229011,
        0.7749765817431716,
        0.7733134842241133,
        0.7709264299246642,
        0.7697346839604077,
        0.7677817204191878,
        0.7674862516033757,
        0.7647675062622036,
        0.7665450809345589,
        0.7629238393177857,
        0.7605734619900987,
        0.7633056709787867,
        0.7614230996424013,
        0.7553404166999164,
        0.759690402810638,
        0.7545039435764691,
        0.7557937562787855,
        0.755392446270934,
        0.7539880800139797,
        0.7532509604875032,
        0.7533061916763718,
        0.7518590830897426,
        0.756821778862326,
        0.7477612941651731,
        0.7502058092538301,
        0.7506169596770862,
        0.7505764666333928,
        0.7497291155656178,
        0.7470733965194977,
        0.7472754909970739,
        0.7461675820049939,
        0.7458895767809034,
        0.7499458370659803,
        0.744077280340968,
        0.745409564434945,
        0.7466767752707542,
        0.7474430723770245,
        0.7497462589998503,
        0.7458519351482391,
        0.7444832449131183,
        0.7458918608416308,
        0.7462660706258035,
        0.7438143213160403,
        0.7451639703157785,
        0.7441362993459444,
        0.7435252154410422,
        0.7437339489094846,
        0.743269349744728,
        0.7434298842984277,
        0.7436972258649431,
        0.7435436577625103,
        0.7443755462040772,
        0.7442528545426893,
        0.7438105886369138,
        0.7439524976090268,
        0.7445854108827609,
        0.7444661279089816,
        0.7443415977933385
    ],