{
    "accuracy": 0.8559077809798271,
    "macro_avg_f1": 0.47182913444601987,
    "weighted_avg_f1": 0.8356944146910501,
    "confusion_matrix": [
        [
            31,
            39,
            0,
            0,
            1
        ],
        [
            7,
            1091,
            30,
            1,
            4
        ],
        [
            2,
            48,
            58,
            1,
            0
        ],
        [
            3,
            11,
            0,
            2,
            9
        ],
        [
            0,
            42,
            2,
            0,
            6
        ]
    ],
    "classification_report": {
        "Anger": {
            "precision": 0.7209302325581395,
            "recall": 0.43661971830985913,
            "f1-score": 0.543859649122807,
            "support": 71.0
        },
        "Neutral": {
            "precision": 0.8862713241267263,
            "recall": 0.9629302736098853,
            "f1-score": 0.9230118443316413,
            "support": 1133.0
        },
        "Joy": {
            "precision": 0.6444444444444445,
            "recall": 0.5321100917431193,
            "f1-score": 0.5829145728643216,
            "support": 109.0
        },
        "Sadness": {
            "precision": 0.5,
            "recall": 0.08,
            "f1-score": 0.13793103448275862,
            "support": 25.0
        },
        "Fear": {
            "precision": 0.3,
            "recall": 0.12,
            "f1-score": 0.17142857142857143,
            "support": 50.0
        },
        "accuracy": 0.8559077809798271,
        "macro avg": {
            "precision": 0.610329200225862,
            "recall": 0.42633201673257276,
            "f1-score": 0.47182913444601987,
            "support": 1388.0
        },
        "weighted avg": {
            "precision": 0.8307463265069548,
            "recall": 0.8559077809798271,
            "f1-score": 0.8356944146910501,
            "support": 1388.0
        }
    }
}