{
    "accuracy": 0.840778097982709,
    "macro_avg_f1": 0.586218546348432,
    "weighted_avg_f1": 0.8451124115960735,
    "confusion_matrix": [
        [
            44,
            18,
            1,
            3,
            5
        ],
        [
            29,
            1022,
            49,
            11,
            22
        ],
        [
            4,
            36,
            68,
            1,
            0
        ],
        [
            6,
            1,
            1,
            13,
            4
        ],
        [
            2,
            23,
            2,
            3,
            20
        ]
    ],
    "classification_report": {
        "Anger": {
            "precision": 0.5176470588235295,
            "recall": 0.6197183098591549,
            "f1-score": 0.5641025641025641,
            "support": 71.0
        },
        "Neutral": {
            "precision": 0.9290909090909091,
            "recall": 0.9020300088261254,
            "f1-score": 0.9153605015673981,
            "support": 1133.0
        },
        "Joy": {
            "precision": 0.5619834710743802,
            "recall": 0.6238532110091743,
            "f1-score": 0.591304347826087,
            "support": 109.0
        },
        "Sadness": {
            "precision": 0.41935483870967744,
            "recall": 0.52,
            "f1-score": 0.4642857142857143,
            "support": 25.0
        },
        "Fear": {
            "precision": 0.39215686274509803,
            "recall": 0.4,
            "f1-score": 0.39603960396039606,
            "support": 50.0
        },
        "accuracy": 0.840778097982709,
        "macro avg": {
            "precision": 0.5640466280887189,
            "recall": 0.6131203059388909,
            "f1-score": 0.586218546348432,
            "support": 1388.0
        },
        "weighted avg": {
            "precision": 0.8506922576574746,
            "recall": 0.840778097982709,
            "f1-score": 0.8451124115960735,
            "support": 1388.0
        }
    }
}