{
    "accuracy": 0.8446846846846847,
    "macro_avg_f1": 0.4950762004683223,
    "weighted_avg_f1": 0.8232921712377105,
    "confusion_matrix": [
        [
            42,
            93,
            3,
            1,
            3
        ],
        [
            22,
            2178,
            54,
            5,
            7
        ],
        [
            7,
            119,
            91,
            0,
            1
        ],
        [
            5,
            26,
            2,
            15,
            2
        ],
        [
            4,
            74,
            1,
            2,
            18
        ]
    ],
    "classification_report": {
        "Anger": {
            "precision": 0.525,
            "recall": 0.29577464788732394,
            "f1-score": 0.3783783783783784,
            "support": 142.0
        },
        "Neutral": {
            "precision": 0.8746987951807229,
            "recall": 0.9611650485436893,
            "f1-score": 0.9158957106812448,
            "support": 2266.0
        },
        "Joy": {
            "precision": 0.6026490066225165,
            "recall": 0.41743119266055045,
            "f1-score": 0.4932249322493225,
            "support": 218.0
        },
        "Sadness": {
            "precision": 0.6521739130434783,
            "recall": 0.3,
            "f1-score": 0.410958904109589,
            "support": 50.0
        },
        "Fear": {
            "precision": 0.5806451612903226,
            "recall": 0.18181818181818182,
            "f1-score": 0.27692307692307694,
            "support": 99.0
        },
        "accuracy": 0.8446846846846847,
        "macro avg": {
            "precision": 0.647033375227408,
            "recall": 0.4312378141819491,
            "f1-score": 0.4950762004683223,
            "support": 2775.0
        },
        "weighted avg": {
            "precision": 0.8209324396191504,
            "recall": 0.8446846846846847,
            "f1-score": 0.8232921712377105,
            "support": 2775.0
        }
    }
}