{
    "accuracy": 0.8378962536023055,
    "macro_avg_f1": 0.45724178270571186,
    "weighted_avg_f1": 0.8163408007182064,
    "confusion_matrix": [
        [
            31,
            38,
            1,
            0,
            1
        ],
        [
            12,
            1080,
            29,
            2,
            10
        ],
        [
            3,
            63,
            43,
            0,
            0
        ],
        [
            4,
            15,
            0,
            4,
            2
        ],
        [
            1,
            42,
            1,
            1,
            5
        ]
    ],
    "classification_report": {
        "Anger": {
            "precision": 0.6078431372549019,
            "recall": 0.43661971830985913,
            "f1-score": 0.5081967213114754,
            "support": 71.0
        },
        "Neutral": {
            "precision": 0.8723747980613893,
            "recall": 0.9532215357458076,
            "f1-score": 0.911008013496415,
            "support": 1133.0
        },
        "Joy": {
            "precision": 0.581081081081081,
            "recall": 0.3944954128440367,
            "f1-score": 0.46994535519125685,
            "support": 109.0
        },
        "Sadness": {
            "precision": 0.5714285714285714,
            "recall": 0.16,
            "f1-score": 0.25,
            "support": 25.0
        },
        "Fear": {
            "precision": 0.2777777777777778,
            "recall": 0.1,
            "f1-score": 0.14705882352941177,
            "support": 50.0
        },
        "accuracy": 0.8378962536023055,
        "macro avg": {
            "precision": 0.5821010731207442,
            "recall": 0.4088673333799407,
            "f1-score": 0.45724178270571186,
            "support": 1388.0
        },
        "weighted avg": {
            "precision": 0.8091282060238424,
            "recall": 0.8378962536023055,
            "f1-score": 0.8163408007182064,
            "support": 1388.0
        }
    }
}