{
    "train_loss": [
        1.39384983688114,
        1.268250311555615,
        1.236735717769901,
        1.2080422204416084,
        1.1784796439230958,
        1.151250001821294,
        1.1278202000300876,
        1.1063736523921763,
        1.0815235865572916,
        1.0645061173604062,
        1.0464601994150207,
        1.041820144108111,
        1.0187275532002207,
        1.0078731984526323,
        0.9990160716110461,
        0.9985660922394695,
        0.9791355071168011,
        0.9751526865882544,
        0.9618454504072003,
        0.9532417380176162,
        0.9438149002559105,
        0.9371768788737331,
        0.9259822237476872,
        0.9172213017866845,
        0.9090897218037595,
        0.9158593622509422,
        0.9001118292472566,
        0.8934971370419996,
        0.883641700993657,
        0.8717317021600396,
        0.8833043808105997,
        0.8676089306254912,
        0.8602296837843835,
        0.8675554096330377,
        0.8588901824503216,
        0.8542474517863524,
        0.8516186466912551,
        0.8418471881721459,
        0.8363341997816183,
        0.8306204717887199,
        0.8359282559016432,
        0.816221938292382,
        0.8215475492778019,
        0.8131341361734274,
        0.8202270459480427,
        0.8219471454473007,
        0.8095929919568217,
        0.7952574668325512,
        0.7950317031520848,
        0.7969317635514386,
        0.7896611167783348,
        0.7852174156381114,
        0.7842967661997886,
        0.7728321553013381,
        0.7743207899248055,
        0.7739847168344797,
        0.7787864936149607,
        0.7610664330837311,
        0.7633469204967485,
        0.754446465277996,
        0.7438594659857166,
        0.7568693314995547,
        0.7428297913266053,
        0.7449558011091536,
        0.7305857803677157,
        0.7394257721264371,
        0.7431918706086421,
        0.7346410498630868,
        0.731633103601128,
        0.7379416020308496,
        0.7271076554273646,
        0.724859176445361,
        0.7244730996997159,
        0.7213718663482053,
        0.7305881530414847,
        0.7143205866972802,
        0.7169774369749946,
        0.7217136812298496,
        0.7215158135546152,
        0.7207238812676466,
        0.712569727517471
    ],
    "train_acc": [
        0.7354758961681088,
        0.8164400494437577,
        0.8164400494437577,
        0.815512978986403,
        0.8139678615574784,
        0.8148949320148331,
        0.8164400494437577,
        0.8167490729295427,
        0.8158220024721878,
        0.8186032138442522,
        0.8124227441285538,
        0.8161310259579728,
        0.8139678615574784,
        0.8139678615574784,
        0.8127317676143387,
        0.8121137206427689,
        0.8127317676143387,
        0.8074783683559951,
        0.8167490729295427,
        0.8084054388133498,
        0.8096415327564895,
        0.811495673671199,
        0.8121137206427689,
        0.8062422744128553,
        0.8105686032138443,
        0.8127317676143387,
        0.8170580964153276,
        0.8136588380716935,
        0.8124227441285538,
        0.8130407911001236,
        0.8118046971569839,
        0.8130407911001236,
        0.8130407911001236,
        0.8173671199011124,
        0.803770086526576,
        0.8133498145859085,
        0.8121137206427689,
        0.8148949320148331,
        0.8136588380716935,
        0.8148949320148331,
        0.8161310259579728,
        0.8170580964153276,
        0.8161310259579728,
        0.8142768850432633,
        0.8121137206427689,
        0.8133498145859085,
        0.8158220024721878,
        0.8152039555006181,
        0.8124227441285538,
        0.811495673671199,
        0.823238566131026,
        0.815512978986403,
        0.8176761433868974,
        0.8223114956736712,
        0.8179851668726823,
        0.8170580964153276,
        0.8170580964153276,
        0.8235475896168108,
        0.819221260815822,
        0.8136588380716935,
        0.8216934487021014,
        0.8216934487021014,
        0.8238566131025958,
        0.8291100123609394,
        0.82663782447466,
        0.8250927070457355,
        0.8247836835599506,
        0.8247836835599506,
        0.82663782447466,
        0.8260197775030902,
        0.8244746600741656,
        0.826946847960445,
        0.8291100123609394,
        0.8272558714462299,
        0.822929542645241,
        0.8238566131025958,
        0.8278739184177998,
        0.8220024721878862,
        0.8291100123609394,
        0.8291100123609394,
        0.8281829419035847
    ],
    "val_loss": [
        1.273658034437328,
        1.2424328760042658,
        1.21274117674539,
        1.1837559574275607,
        1.156292756455776,
        1.1317817719937746,
        1.109289621413613,
        1.0905071321756765,
        1.0724421803133632,
        1.0562173971525186,
        1.0466180660195585,
        1.0298404657531541,
        1.0191960779665525,
        1.0121472450429494,
        0.9994241055906334,
        0.9938459458199976,
        0.9849904007801749,
        0.9744333937463568,
        0.9707996675191763,
        0.9645054890030743,
        0.9563468545245849,
        0.9541513851121798,
        0.9475206550672349,
        0.9429309352674127,
        0.9390181665461758,
        0.9360858358292483,
        0.9325203510801112,
        0.9299696472604955,
        0.9257023966621597,
        0.9208334916263218,
        0.9216603499324589,
        0.9181595520258637,
        0.9156519172858093,
        0.9112647213578567,
        0.908925332665787,
        0.9114448634279564,
        0.9050409201242738,
        0.9036570495418581,
        0.9077733670943752,
        0.900711236838305,
        0.9010547770546905,
        0.8981282735077036,
        0.8972000897102466,
        0.8989043000452113,
        0.8967191097715747,
        0.8932090903221702,
        0.893697753591565,
        0.8908468670391555,
        0.889440789518164,
        0.8906215578747071,
        0.8903154696442552,
        0.8879588905947353,
        0.8875449061050196,
        0.8928107207034438,
        0.8857165073455239,
        0.8854133205042792,
        0.8848188811489073,
        0.8825829668072528,
        0.8915822387428723,
        0.8837888931334877,
        0.8833582164231226,
        0.8840476963293312,
        0.8838080337823984,
        0.8822333993073499,
        0.8803791280095103,
        0.8837975076364852,
        0.8803370704911971,
        0.8800129940255574,
        0.8801910961395726,
        0.8807130615718083,
        0.8792776207758989,
        0.8814698318583134,
        0.8817513506075835,
        0.8804260729369238,
        0.8825076243032296,
        0.8809937355497729,
        0.8815015226344898,
        0.881235566709502,
        0.8793074468027274,
        0.8795002638778356,
        0.8796722547121625
    ],