{
    "accuracy": 0.8177233429394812,
    "macro_avg_f1": 0.5046304411520324,
    "weighted_avg_f1": 0.8185002375336267,
    "confusion_matrix": [
        [
            37,
            28,
            3,
            1,
            2
        ],
        [
            27,
            1015,
            56,
            8,
            27
        ],
        [
            6,
            37,
            66,
            0,
            0
        ],
        [
            8,
            3,
            2,
            9,
            3
        ],
        [
            4,
            33,
            4,
            1,
            8
        ]
    ],
    "classification_report": {
        "Anger": {
            "precision": 0.45121951219512196,
            "recall": 0.5211267605633803,
            "f1-score": 0.48366013071895425,
            "support": 71.0
        },
        "Neutral": {
            "precision": 0.9094982078853047,
            "recall": 0.8958517210944396,
            "f1-score": 0.9026233881725211,
            "support": 1133.0
        },
        "Joy": {
            "precision": 0.5038167938931297,
            "recall": 0.6055045871559633,
            "f1-score": 0.55,
            "support": 109.0
        },
        "Sadness": {
            "precision": 0.47368421052631576,
            "recall": 0.36,
            "f1-score": 0.4090909090909091,
            "support": 25.0
        },
        "Fear": {
            "precision": 0.2,
            "recall": 0.16,
            "f1-score": 0.17777777777777778,
            "support": 50.0
        },
        "accuracy": 0.8177233429394812,
        "macro avg": {
            "precision": 0.5076437448999744,
            "recall": 0.5084966137627566,
            "f1-score": 0.5046304411520324,
            "support": 1388.0
        },
        "weighted avg": {
            "precision": 0.8207897627502975,
            "recall": 0.8177233429394812,
            "f1-score": 0.8185002375336267,
            "support": 1388.0
        }
    }
}