{
    "accuracy": 0.8147747747747748,
    "macro_avg_f1": 0.5354094176572505,
    "weighted_avg_f1": 0.8219742459092175,
    "confusion_matrix": [
        [
            66,
            54,
            5,
            6,
            11
        ],
        [
            69,
            2001,
            97,
            28,
            71
        ],
        [
            14,
            67,
            131,
            3,
            3
        ],
        [
            6,
            14,
            2,
            26,
            2
        ],
        [
            11,
            44,
            2,
            5,
            37
        ]
    ],
    "classification_report": {
        "Anger": {
            "precision": 0.39759036144578314,
            "recall": 0.4647887323943662,
            "f1-score": 0.42857142857142855,
            "support": 142.0
        },
        "Neutral": {
            "precision": 0.9178899082568808,
            "recall": 0.883053839364519,
            "f1-score": 0.9001349527665317,
            "support": 2266.0
        },
        "Joy": {
            "precision": 0.5527426160337553,
            "recall": 0.6009174311926605,
            "f1-score": 0.5758241758241758,
            "support": 218.0
        },
        "Sadness": {
            "precision": 0.38235294117647056,
            "recall": 0.52,
            "f1-score": 0.4406779661016949,
            "support": 50.0
        },
        "Fear": {
            "precision": 0.29838709677419356,
            "recall": 0.37373737373737376,
            "f1-score": 0.33183856502242154,
            "support": 99.0
        },
        "accuracy": 0.8147747747747748,
        "macro avg": {
            "precision": 0.5097925847374166,
            "recall": 0.5684994753377839,
            "f1-score": 0.5354094176572505,
            "support": 2775.0
        },
        "weighted avg": {
            "precision": 0.8308296300433227,
            "recall": 0.8147747747747748,
            "f1-score": 0.8219742459092175,
            "support": 2775.0
        }
    }
}