{
    "accuracy": 0.8220461095100865,
    "macro_avg_f1": 0.5552350445938963,
    "weighted_avg_f1": 0.8278509501811075,
    "confusion_matrix": [
        [
            38,
            26,
            2,
            4,
            1
        ],
        [
            36,
            1003,
            59,
            12,
            23
        ],
        [
            4,
            33,
            69,
            1,
            2
        ],
        [
            4,
            2,
            2,
            12,
            5
        ],
        [
            3,
            26,
            1,
            1,
            19
        ]
    ],
    "classification_report": {
        "Anger": {
            "precision": 0.4470588235294118,
            "recall": 0.5352112676056338,
            "f1-score": 0.48717948717948717,
            "support": 71.0
        },
        "Neutral": {
            "precision": 0.9201834862385321,
            "recall": 0.8852603706972639,
            "f1-score": 0.9023841655420602,
            "support": 1133.0
        },
        "Joy": {
            "precision": 0.518796992481203,
            "recall": 0.6330275229357798,
            "f1-score": 0.5702479338842975,
            "support": 109.0
        },
        "Sadness": {
            "precision": 0.4,
            "recall": 0.48,
            "f1-score": 0.43636363636363634,
            "support": 25.0
        },
        "Fear": {
            "precision": 0.38,
            "recall": 0.38,
            "f1-score": 0.38,
            "support": 50.0
        },
        "accuracy": 0.8220461095100865,
        "macro avg": {
            "precision": 0.5332078604498294,
            "recall": 0.5826998322477355,
            "f1-score": 0.5552350445938963,
            "support": 1388.0
        },
        "weighted avg": {
            "precision": 0.8356325205758618,
            "recall": 0.8220461095100865,
            "f1-score": 0.8278509501811075,
            "support": 1388.0
        }
    }
}