{
    "train_loss": [
        1.491395024046654,
        1.2664471642046167,
        1.2097328248798211,
        1.1545857963100865,
        1.101651501613221,
        1.054173304495774,
        1.0141619550892655,
        0.9778597157833547,
        0.9480729660368327,
        0.9205533198018946,
        0.8917040065029904,
        0.8779231142117438,
        0.8601785054645895,
        0.8387550566510625,
        0.8218619854211181,
        0.8088429897733547,
        0.7961751364048345,
        0.7839889423051242,
        0.7724499540389386,
        0.7571282438483798,
        0.7503991231895498,
        0.7401102900818145,
        0.7274014999062426,
        0.719702101381783,
        0.7128083251017278,
        0.6984582797979694,
        0.6938342921206779,
        0.6830106395097194,
        0.6727638448130011,
        0.6735515707559053,
        0.6638251772052848,
        0.6516121752098578,
        0.6501705314651552,
        0.6428417844748766,
        0.6322176279285748,
        0.6285734966790936,
        0.6224464873488197,
        0.6124425220785085,
        0.6078074895652353,
        0.5998771386363491,
        0.5974161125087635,
        0.5946801371254326,
        0.5832489140662089,
        0.5774410207756295,
        0.5706191949123911,
        0.5682730484502349,
        0.563381678121049,
        0.5583999367082909,
        0.5533778405753056,
        0.5483730271028142,
        0.5499257442480848,
        0.5395607928229358,
        0.5359433336713187,
        0.5343133843692804,
        0.5268553836110311,
        0.5216547925317009,
        0.5166366958353888,
        0.5138142276759606,
        0.5118897985347581,
        0.5080849224545848,
        0.4977939604202747,
        0.49639621613181467,
        0.49689882070116187,
        0.4897659218478899,
        0.48878730688731564,
        0.4897688538844372,
        0.4863803340463095
    ],
    "train_acc": [
        0.6227406148617334,
        0.8163139193573304,
        0.8167773829754365,
        0.8178587980843504,
        0.825737679592152,
        0.827591534064576,
        0.8322261702456357,
        0.8326896338637417,
        0.8309902672640198,
        0.8343890004634636,
        0.8289819249188939,
        0.827746021937278,
        0.8306812915186158,
        0.8306812915186158,
        0.8343890004634636,
        0.8331530974818476,
        0.8373242700448015,
        0.8295998764097018,
        0.8377877336629075,
        0.8337710489726556,
        0.8370152942993975,
        0.8340800247180596,
        0.8376332457902055,
        0.8405685153715433,
        0.8427313455893712,
        0.8404140274988413,
        0.8447396879344972,
        0.8438127606982851,
        0.8416499304804573,
        0.8419589062258612,
        0.8455121272980071,
        0.8438127606982851,
        0.8439672485709871,
        0.8448941758071992,
        0.8506102270971728,
        0.8465935424069211,
        0.848601884752047,
        0.8535454966785108,
        0.8547813996601267,
        0.8510736907152788,
        0.8543179360420207,
        0.8532365209331068,
        0.8546269117874247,
        0.8577166692414645,
        0.8594160358411864,
        0.8598794994592924,
        0.8567897420052526,
        0.8595705237138884,
        0.8566352541325506,
        0.8628147690406303,
        0.8621968175498224,
        0.8611154024409083,
        0.8626602811679284,
        0.8620423296771204,
        0.8632782326587363,
        0.8631237447860343,
        0.8655955507492662,
        0.8617333539317164,
        0.8638961841495443,
        0.8665224779854781,
        0.869457747566816,
        0.8676038930943921,
        0.869612235439518,
        0.870693650548432,
        0.8671404294762861,
        0.871157114166538,
        0.8719295535300479
    ],
    "val_loss": [
        1.3237940240121102,
        1.2383644647426433,
        1.1891714844832548,
        1.1422430072389207,
        1.0998186837015924,
        1.063700846573254,
        1.0329192066192627,
        1.0078998494792628,
        0.9866753413440945,
        0.9689651096833719,
        0.9530884168813895,
        0.9395634543573534,
        0.9268839862969545,
        0.9173133755159808,
        0.906085306459719,
        0.8965639340770137,
        0.8886619823472994,
        0.8812182407980567,
        0.8725554416630719,
        0.8677991848163776,
        0.8605231233974835,
        0.8537134625031068,
        0.8512305247246682,
        0.8446653862257262,
        0.8397051931716301,
        0.8360960981652543,
        0.8318959103403865,
        0.8275258116249565,
        0.8260744169596079,
        0.8200750284366779,
        0.8170325482643402,
        0.8162343373599353,
        0.8113843472154291,
        0.8106836497891057,
        0.8055717334231814,
        0.8034980308472573,
        0.8023110976519885,
        0.7997498657467129,
        0.799513413003973,
        0.7980519586855227,
        0.7945640898824812,
        0.7947149764739715,
        0.7925933295971639,
        0.7924310857755644,
        0.7916296432469342,
        0.7888002006857244,
        0.7895567400605829,
        0.786583282754228,
        0.7864291141054651,
        0.7862258089555276,
        0.7854208362639488,
        0.7849229575277449,
        0.786514800282212,
        0.7857669880798271,
        0.7813065595454998,
        0.7813159854777224,
        0.7808864338548334,
        0.7822075327022655,
        0.7843266018231709,
        0.7843508837888906,
        0.7837559169047588,
        0.7835928265683286,
        0.7839043161890529,
        0.7817375191482338,
        0.784260792474489,
        0.7830859145387873,
        0.7832052672016728
    ],
    "val_acc": [
        0.8165765765765766,
        0.8165765765765766,
        0.8162162162162162,
        0.820900900900901,
        0.8273873873873874,
        0.8263063063063063,
        0.8281081081081081,
        0.8230630630630631,
        0.8176576576576576,
        0.8154954954954955,
        0.8144144144144144,
        0.8136936936936937,
        0.8118918918918919,
        0.8147747747747748,
        0.8118918918918919,
        0.8108108108108109,
        0.8133333333333334,
        0.8133333333333334,
        0.8111711711711712,
        0.8165765765765766,
        0.8140540540540541,
        0.8082882882882882,
        0.8158558558558558,
        0.8086486486486486,
        0.8061261261261261,
        0.8104504504504505,
        0.8104504504504505,
        0.8122522522522523,
        0.8183783783783783,
        0.8104504504504505,
        0.8122522522522523,
        0.8176576576576576,
        0.8136936936936937,
        0.8162162162162162,
        0.8111711711711712,
        0.8100900900900901,
        0.8136936936936937,
        0.8115315315315316,
        0.8140540540540541,
        0.8162162162162162,
        0.812972972972973,
        0.8162162162162162,
        0.8064864864864865,
        0.8154954954954955,
        0.8154954954954955,
        0.8133333333333334,
        0.8147747747747748,
        0.8111711711711712,
        0.8140540540540541,
        0.8118918918918919,
        0.8136936936936937,
        0.8126126126126126,
        0.8162162162162162,
        0.8147747747747748,
        0.8054054054054054,
        0.809009009009009,
        0.803963963963964,
        0.8122522522522523,
        0.8133333333333334,
        0.8133333333333334,
        0.8144144144144144,
        0.8136936936936937,
        0.8140540540540541,
        0.8140540540540541,
        0.8140540540540541,
        0.8136936936936937,
        0.8144144144144144
    ],