{
    "train_loss": [
        1.4317761114412833,
        0.9016037394001398,
        0.7255700764756268,
        0.6961281934317906,
        0.6770831110008863,
        0.6644714995574008,
        0.6521862887849914,
        0.6379853929076413,
        0.6263457125580061,
        0.614783603196091,
        0.6037926288558761,
        0.5904945227949522,
        0.5835676959845869,
        0.5753484687345432,
        0.5644286699565438,
        0.557556165660857,
        0.5513719597690921,
        0.5432306226752744,
        0.5387467173548652,
        0.5319838001863624,
        0.5247454652827513,
        0.5231382559676401,
        0.5165542389907413,
        0.5109897923410602,
        0.5094266951599875,
        0.5018873116731349,
        0.497794322936585,
        0.49635169081325436,
        0.4904884144534876,
        0.48729612951815054,
        0.4827832353240333,
        0.4797660666063189,
        0.478351164917716,
        0.475631387395455,
        0.4713879612600258,
        0.4660290378722626,
        0.46354977769963673,
        0.4597818954618664,
        0.46024752878877523,
        0.45474440456173476,
        0.4534779712281504,
        0.4519446509140826,
        0.4473156586786725,
        0.44401526219028475,
        0.4412489000648002,
        0.4413511644040404,
        0.4375297342080563,
        0.4353239696716938,
        0.43263590328938734,
        0.4298950342003288,
        0.42724007633324756,
        0.42618499970701335,
        0.4228144615188665,
        0.4208829232361467,
        0.41903974758679846,
        0.41908244782199966,
        0.41400835993705487,
        0.4149275827964098,
        0.41060997448097203,
        0.4064134304102036,
        0.40523879673925994,
        0.40565811773607846,
        0.4005970252339345,
        0.4015254057824096,
        0.3992031942339262,
        0.3955772056973025,
        0.39155220086553927,
        0.3959079996230281,
        0.39118257459662903,
        0.38915000618314566,
        0.38580762654800793,
        0.38491843248474583,
        0.3849467202855276,
        0.3831268866789356,
        0.3796580855646004,
        0.38093595681953785
    ],
    "train_acc": [
        0.6316440049443758,
        0.8164400494437577,
        0.8164400494437577,
        0.8164400494437577,
        0.8164400494437577,
        0.8164400494437577,
        0.8164400494437577,
        0.8164400494437577,
        0.8170580964153276,
        0.8182941903584673,
        0.819221260815822,
        0.8204573547589616,
        0.8241656365883807,
        0.8250927070457355,
        0.82663782447466,
        0.8288009888751545,
        0.8303461063040791,
        0.8303461063040791,
        0.8340543881334982,
        0.8328182941903585,
        0.8374536464771323,
        0.8359085290482077,
        0.838380716934487,
        0.8396168108776267,
        0.8377626699629172,
        0.8408529048207664,
        0.8417799752781211,
        0.8402348578491965,
        0.8420889987639061,
        0.8442521631644005,
        0.84610630407911,
        0.8464153275648949,
        0.84610630407911,
        0.8451792336217553,
        0.8464153275648949,
        0.8470333745364648,
        0.8470333745364648,
        0.8479604449938195,
        0.8495055624227441,
        0.8522867737948084,
        0.8507416563658838,
        0.850123609394314,
        0.853831891223733,
        0.8516687268232386,
        0.8541409147095179,
        0.8516687268232386,
        0.8522867737948084,
        0.8559950556242274,
        0.8504326328800988,
        0.8547589616810878,
        0.8556860321384425,
        0.8547589616810878,
        0.8584672435105068,
        0.8550679851668727,
        0.8593943139678616,
        0.8581582200247219,
        0.857540173053152,
        0.857540173053152,
        0.8581582200247219,
        0.8600123609394313,
        0.8597033374536465,
        0.8631025957972805,
        0.8621755253399258,
        0.8621755253399258,
        0.8584672435105068,
        0.8612484548825711,
        0.8658838071693449,
        0.8637206427688504,
        0.8624845488257108,
        0.8646477132262052,
        0.8683559950556242,
        0.8674289245982695,
        0.865265760197775,
        0.8699011124845488,
        0.869592088998764,
        0.8680469715698393
    ],
    "val_loss": [
        1.1341566788703632,
        0.7486141516427142,
        0.6877423662273616,
        0.6673134031144617,
        0.6519469170474181,
        0.6378310544346526,
        0.6247272451947676,
        0.612813908703389,
        0.6003176959000678,
        0.5884917881715538,
        0.5777361898841363,
        0.56707399903182,
        0.558197220309667,
        0.5503219205467433,
        0.5430721785733611,
        0.536870732774652,
        0.530847720007388,
        0.5251349391957868,
        0.5207264360673833,
        0.5159854582304226,
        0.5117619765079674,
        0.5093270195835949,
        0.504714990125953,
        0.5014371948386476,
        0.49936826591532923,
        0.49592656223505993,
        0.4936524557448945,
        0.4914758834096815,
        0.489359582191929,
        0.48745600977960857,
        0.48525250292992383,
        0.483889676995511,
        0.48242870479908045,
        0.48090942401535575,
        0.47995671711497073,
        0.4785190164098135,
        0.47716167732343207,
        0.4752998497626967,
        0.4743576625668006,
        0.47381618524490926,
        0.47244848160647523,
        0.47224085861736487,
        0.47113566452728567,
        0.47017249379103054,
        0.4697502896576175,
        0.4691603367112212,
        0.46851454168472234,
        0.46803203302432894,
        0.46740446864527996,
        0.46686743723727786,
        0.4667218986694682,
        0.46644334306119156,
        0.4657873762529934,
        0.4652066554133418,
        0.4655827577158766,
        0.4647946432876999,
        0.46501565108381704,
        0.46450865208587316,
        0.46380389393750115,
        0.4641331537742093,
        0.4640203315431859,
        0.4633197005011506,
        0.4628923193951505,
        0.4632043667159094,
        0.4632417796668127,
        0.46243766229331323,
        0.46361518936816826,
        0.46294782209808616,
        0.46263396203174373,
        0.46273427304170317,
        0.46277407657687875,
        0.46273200505920375,
        0.4627235955652655,
        0.4629473456903562,
        0.4630174146863157,
        0.46288227150350897
    ],