{
    "train_loss": [
        1.4291204816773442,
        0.9228907882504175,
        0.7279562680476676,
        0.6955517872302288,
        0.6778121353374571,
        0.6642795162752031,
        0.6512662115033684,
        0.6380819261387193,
        0.6263713658924304,
        0.6127051099563853,
        0.6015281468740352,
        0.5918207682844145,
        0.5835585508711996,
        0.5727378269024331,
        0.5619682025703129,
        0.5579113860433859,
        0.5486226761149535,
        0.5416648007643827,
        0.5365854996096513,
        0.5284639484213368,
        0.5228749632245973,
        0.5199773468454777,
        0.5132448622411202,
        0.509444230013931,
        0.5059081405051264,
        0.5010318341302341,
        0.495531064655047,
        0.49067778003083173,
        0.488967725608788,
        0.48602491175141116,
        0.4821050149401275,
        0.4772647265598123,
        0.47592519466823935,
        0.46925204380775704,
        0.467940953591256,
        0.46624794701857974,
        0.46757896883673367,
        0.45505852597605606,
        0.45476026171806866,
        0.4535783363324308,
        0.44940263716727313,
        0.44493342965509747,
        0.44768725514264573,
        0.4408673666353131,
        0.4405153250259581,
        0.4373798706880753,
        0.43212978495802956,
        0.43170260167387126,
        0.42602666586232274,
        0.4289137451496201,
        0.4233870530784204,
        0.42253114990383495,
        0.4199315547132669,
        0.42037111275791383,
        0.41569724397178925,
        0.41429875649244735,
        0.4124879514515326,
        0.4108295365154964,
        0.4111416124921794,
        0.4071949078288155,
        0.4010782508900198,
        0.40206625007728414,
        0.39998556955341064,
        0.39560568518706396,
        0.39433257508336833,
        0.3922949646253079,
        0.39362282026904477,
        0.3880200763825875,
        0.3905043828546338,
        0.3871737993949718,
        0.38193085266574206,
        0.3837735910608683,
        0.3814605219181447,
        0.38181279453233674,
        0.37778139088592955,
        0.377287879604639,
        0.37570738221423144
    ],
    "train_acc": [
        0.7030284301606922,
        0.8164400494437577,
        0.8164400494437577,
        0.8164400494437577,
        0.8164400494437577,
        0.8164400494437577,
        0.8164400494437577,
        0.8167490729295427,
        0.8170580964153276,
        0.818912237330037,
        0.819221260815822,
        0.822929542645241,
        0.8250927070457355,
        0.8250927070457355,
        0.8284919653893696,
        0.8315822002472187,
        0.8312731767614339,
        0.8334363411619283,
        0.8334363411619283,
        0.8365265760197775,
        0.8393077873918418,
        0.8374536464771323,
        0.8380716934487021,
        0.8405438813349815,
        0.8399258343634116,
        0.8417799752781211,
        0.8402348578491965,
        0.8402348578491965,
        0.8420889987639061,
        0.8470333745364648,
        0.8433250927070457,
        0.8473423980222496,
        0.8439431396786156,
        0.8495055624227441,
        0.8445611866501854,
        0.8467243510506799,
        0.8488875154511742,
        0.8516687268232386,
        0.8485784919653894,
        0.8470333745364648,
        0.8525957972805933,
        0.853831891223733,
        0.853522867737948,
        0.8516687268232386,
        0.8541409147095179,
        0.853522867737948,
        0.8556860321384425,
        0.8553770086526576,
        0.8544499381953028,
        0.8553770086526576,
        0.8618665018541409,
        0.8587762669962917,
        0.8553770086526576,
        0.8569221260815822,
        0.8584672435105068,
        0.8584672435105068,
        0.8609394313967862,
        0.8572311495673671,
        0.8593943139678616,
        0.8634116192830655,
        0.8618665018541409,
        0.8637206427688504,
        0.8631025957972805,
        0.8649567367119901,
        0.8631025957972805,
        0.8643386897404203,
        0.8649567367119901,
        0.8674289245982695,
        0.8637206427688504,
        0.865265760197775,
        0.86557478368356,
        0.8683559950556242,
        0.8674289245982695,
        0.8668108776266996,
        0.8699011124845488,
        0.8680469715698393,
        0.8683559950556242
    ],
    "val_loss": [
        1.1602423599886276,
        0.756697132024023,
        0.6893316618990829,
        0.6681856526765081,
        0.6517335507986525,
        0.6374638391502996,
        0.6241588154512455,
        0.6115132776392296,
        0.5998590071537996,
        0.5884965020916304,
        0.5774959778407809,
        0.5674887372540466,
        0.5582658889829597,
        0.5498006475246605,
        0.5425543153835648,
        0.536198563981125,
        0.5301265994822257,
        0.5242863789587269,
        0.5192516842046457,
        0.5147418798046771,
        0.5103918806963764,
        0.5074576363611634,
        0.5032739225313368,
        0.5001030176105005,
        0.49790519046508613,
        0.49531166818025135,
        0.4924988455490695,
        0.4903233480728325,
        0.4884026273011474,
        0.48646443128929356,
        0.4854765220918298,
        0.48277136537458437,
        0.48160027444190867,
        0.4800374245952804,
        0.4791090021215873,
        0.4777095575068114,
        0.476409049516796,
        0.47626316027785587,
        0.4747124026161793,
        0.47352867717358155,
        0.4728220700788223,
        0.4718249983419946,
        0.4708398364119296,
        0.4706772209416205,
        0.46951612808690635,
        0.46878994172519495,
        0.46821863279390746,
        0.46757188211772216,
        0.4669559445522017,
        0.46710932160317037,
        0.46626240852415046,
        0.46613500930733914,
        0.4659240347164165,
        0.465653313082302,
        0.4651295301807717,
        0.46527619140292453,
        0.4643458061414081,
        0.46415560235207637,
        0.46449176018107524,
        0.46429270681970747,
        0.46456037629234687,
        0.46362765764640457,
        0.46420780988007526,
        0.4632958240313214,
        0.46336387578795213,
        0.46350201899964116,
        0.4629313175805364,
        0.46306554505048636,
        0.46318054559938504,
        0.46332781974451687,
        0.46303810016050806,
        0.4632661928790447,
        0.46369603782978114,
        0.46358493163709336,
        0.4637539799000413,
        0.4636491911126145,
        0.46386355071486934
    ],