{
    "accuracy": 0.8504504504504504,
    "macro_avg_f1": 0.5284993259761122,
    "weighted_avg_f1": 0.8374625671263839,
    "confusion_matrix": [
        [
            64,
            68,
            4,
            1,
            5
        ],
        [
            33,
            2154,
            51,
            5,
            23
        ],
        [
            4,
            107,
            106,
            1,
            0
        ],
        [
            5,
            21,
            4,
            15,
            5
        ],
        [
            9,
            63,
            3,
            3,
            21
        ]
    ],
    "classification_report": {
        "Anger": {
            "precision": 0.5565217391304348,
            "recall": 0.4507042253521127,
            "f1-score": 0.4980544747081712,
            "support": 142.0
        },
        "Neutral": {
            "precision": 0.8926647326978865,
            "recall": 0.9505736981465137,
            "f1-score": 0.9207095533233597,
            "support": 2266.0
        },
        "Joy": {
            "precision": 0.6309523809523809,
            "recall": 0.48623853211009177,
            "f1-score": 0.5492227979274611,
            "support": 218.0
        },
        "Sadness": {
            "precision": 0.6,
            "recall": 0.3,
            "f1-score": 0.4,
            "support": 50.0
        },
        "Fear": {
            "precision": 0.3888888888888889,
            "recall": 0.21212121212121213,
            "f1-score": 0.27450980392156865,
            "support": 99.0
        },
        "accuracy": 0.8504504504504504,
        "macro avg": {
            "precision": 0.6138055483339182,
            "recall": 0.47992753354598594,
            "f1-score": 0.5284993259761122,
            "support": 2775.0
        },
        "weighted avg": {
            "precision": 0.8316583748820005,
            "recall": 0.8504504504504504,
            "f1-score": 0.8374625671263839,
            "support": 2775.0
        }
    }
}