{
    "accuracy": 0.8580691642651297,
    "macro_avg_f1": 0.5324618250494918,
    "weighted_avg_f1": 0.8406256716576953,
    "confusion_matrix": [
        [
            35,
            34,
            1,
            0,
            1
        ],
        [
            9,
            1092,
            27,
            2,
            3
        ],
        [
            3,
            58,
            48,
            0,
            0
        ],
        [
            5,
            9,
            1,
            7,
            3
        ],
        [
            4,
            35,
            1,
            1,
            9
        ]
    ],
    "classification_report": {
        "Anger": {
            "precision": 0.625,
            "recall": 0.49295774647887325,
            "f1-score": 0.5511811023622047,
            "support": 71.0
        },
        "Neutral": {
            "precision": 0.8892508143322475,
            "recall": 0.9638128861429832,
            "f1-score": 0.9250317662007624,
            "support": 1133.0
        },
        "Joy": {
            "precision": 0.6153846153846154,
            "recall": 0.44036697247706424,
            "f1-score": 0.5133689839572193,
            "support": 109.0
        },
        "Sadness": {
            "precision": 0.7,
            "recall": 0.28,
            "f1-score": 0.4,
            "support": 25.0
        },
        "Fear": {
            "precision": 0.5625,
            "recall": 0.18,
            "f1-score": 0.2727272727272727,
            "support": 50.0
        },
        "accuracy": 0.8580691642651297,
        "macro avg": {
            "precision": 0.6784270859433725,
            "recall": 0.47142752101978413,
            "f1-score": 0.5324618250494918,
            "support": 1388.0
        },
        "weighted avg": {
            "precision": 0.8390476193914693,
            "recall": 0.8580691642651297,
            "f1-score": 0.8406256716576953,
            "support": 1388.0
        }
    }
}