{
    "train_loss": [
        1.3948228849910835,
        0.8852531438410208,
        0.7221807983366609,
        0.6915689888047641,
        0.6776250009925757,
        0.6643252179708116,
        0.650070791780875,
        0.6356189933931282,
        0.6254233422473865,
        0.613707467711016,
        0.602798959380764,
        0.5933062743639622,
        0.5865737393185294,
        0.5754715565624284,
        0.5688982009519311,
        0.5633320949133601,
        0.5555335224337866,
        0.5502654594105607,
        0.5466195200886508,
        0.5401660489063476,
        0.5345560550984405,
        0.5300152943146096,
        0.5250396327897262,
        0.5194171543874316,
        0.5174352084234707,
        0.5116286092105107,
        0.5077051395557277,
        0.5044753167626295,
        0.5023192689283227,
        0.49748675589655766,
        0.49332648250464306,
        0.49170076666567913,
        0.4871794785682586,
        0.4831008647000981,
        0.48055298355660125,
        0.47485387163197595,
        0.4765686922152935,
        0.46997492422426884,
        0.4673501899643204,
        0.4692626014370264,
        0.46212233200540354,
        0.46263036334470414,
        0.4578420405721635,
        0.4580761280937675,
        0.45454780107228215,
        0.44671998632097865,
        0.44910154446535855,
        0.44502350128035906,
        0.44576413316101904,
        0.4419981775384014,
        0.4404306082683529,
        0.4395575938546024,
        0.43178386450255907,
        0.43134302151365245,
        0.4303334618196794,
        0.4279532564069491,
        0.4262433132370853,
        0.4249509648685844,
        0.4181592987921683,
        0.42026732278105944,
        0.417660057213162,
        0.41697029093434695,
        0.4152554766504078,
        0.4152742684697928
    ],
    "train_acc": [
        0.8105686032138443,
        0.8164400494437577,
        0.8164400494437577,
        0.8164400494437577,
        0.8164400494437577,
        0.8164400494437577,
        0.8164400494437577,
        0.8164400494437577,
        0.8167490729295427,
        0.8170580964153276,
        0.8186032138442522,
        0.819221260815822,
        0.8207663782447466,
        0.8216934487021014,
        0.8235475896168108,
        0.8247836835599506,
        0.8257107540173053,
        0.82663782447466,
        0.8263288009888752,
        0.8294190358467244,
        0.8300370828182941,
        0.8303461063040791,
        0.8352904820766378,
        0.8331273176761433,
        0.8340543881334982,
        0.8355995055624228,
        0.838380716934487,
        0.8362175525339925,
        0.8402348578491965,
        0.8386897404202719,
        0.8405438813349815,
        0.8414709517923362,
        0.842398022249691,
        0.8430160692212608,
        0.8433250927070457,
        0.8448702101359703,
        0.8399258343634116,
        0.8442521631644005,
        0.8433250927070457,
        0.8430160692212608,
        0.845797280593325,
        0.8473423980222496,
        0.84610630407911,
        0.8485784919653894,
        0.8470333745364648,
        0.8473423980222496,
        0.8507416563658838,
        0.8479604449938195,
        0.8473423980222496,
        0.8519777503090235,
        0.8532138442521632,
        0.850123609394314,
        0.8513597033374537,
        0.8498145859085291,
        0.8544499381953028,
        0.8529048207663782,
        0.8516687268232386,
        0.8516687268232386,
        0.8566131025957973,
        0.8559950556242274,
        0.8566131025957973,
        0.8566131025957973,
        0.8541409147095179,
        0.8547589616810878
    ],
    "val_loss": [
        1.1100320012150307,
        0.7426381769029139,
        0.6901020522763475,
        0.6701443777647761,
        0.6551978287504454,
        0.6412343484180462,
        0.628208628219555,
        0.6155707362921162,
        0.6042356934258849,
        0.5946017245222581,
        0.5852947588956322,
        0.5771262268683409,
        0.5700402389514,
        0.5634467137134728,
        0.5574538332412841,
        0.5522460045148041,
        0.5474720903020084,
        0.5433620511626648,
        0.5397311420708637,
        0.5365571644189379,
        0.533255829075915,
        0.5306530042580981,
        0.5286512665171444,
        0.5259404969146685,
        0.5242259632957085,
        0.5223067225915211,
        0.5204592141019508,
        0.5187966673277984,
        0.5180761852765976,
        0.5166795995805724,
        0.515311115155646,
        0.5142399013385992,
        0.513333414490697,
        0.5125097524192216,
        0.5119199524351774,
        0.5110476596726464,
        0.5102671614984957,
        0.5096292688111407,
        0.5090821838859866,
        0.5085175976973102,
        0.5081747379529716,
        0.5077309049343857,
        0.5074055352884342,
        0.5067769578451382,
        0.506635897784824,
        0.5061097013675514,
        0.5062136110723534,
        0.5057565590490182,
        0.5055572584657917,
        0.5057861555893758,
        0.5052449346791084,
        0.5049718540236998,
        0.5049318612824256,
        0.5045276982468212,
        0.5046836148077886,
        0.5048661209664359,
        0.5045406327123945,
        0.504601605172116,
        0.5046652319280146,
        0.5048948845018227,
        0.5049415585458794,
        0.5049805274442568,
        0.5049857029138449,
        0.5050230181698153
    ],
    "val_acc": [
        0.8162824207492796,
        0.8162824207492796,
        0.8162824207492796,
        0.8162824207492796,
        0.8162824207492796,
        0.8162824207492796,
        0.8162824207492796,
        0.8162824207492796,
        0.8177233429394812,
        0.819164265129683,
        0.819164265129683,
        0.8198847262247838,
        0.8256484149855908,
        0.8270893371757925,
        0.829250720461095,
        0.8306916426512968,
        0.8306916426512968,
        0.8335734870317003,
        0.8342939481268011,
        0.8350144092219021,
        0.8350144092219021,
        0.8357348703170029,
        0.8306916426512968,
        0.8357348703170029,
        0.8335734870317003,
        0.8350144092219021,
        0.8350144092219021,
        0.8357348703170029,
        0.8350144092219021,
        0.8342939481268011,
        0.8364553314121037,
        0.8350144092219021,
        0.8371757925072046,
        0.8357348703170029,
        0.8371757925072046,
        0.8371757925072046,
        0.8364553314121037,
        0.8378962536023055,
        0.8371757925072046,
        0.8378962536023055,
        0.8371757925072046,
        0.8371757925072046,
        0.840057636887608,
        0.8378962536023055,
        0.8386167146974063,
        0.8386167146974063,
        0.840057636887608,
        0.840057636887608,
        0.8393371757925072,
        0.840778097982709,
        0.840778097982709,
        0.840057636887608,
        0.840778097982709,
        0.840057636887608,
        0.840057636887608,
        0.8414985590778098,
        0.840778097982709,
        0.840778097982709,
        0.840057636887608,
        0.840057636887608,
        0.840057636887608,
        0.840057636887608,
        0.840057636887608,
        0.840057636887608
    ],