{
    "accuracy": 0.845821325648415,
    "macro_avg_f1": 0.6332653574216589,
    "weighted_avg_f1": 0.8519357148737117,
    "confusion_matrix": [
        [
            42,
            23,
            1,
            3,
            2
        ],
        [
            25,
            1007,
            64,
            12,
            25
        ],
        [
            2,
            23,
            83,
            1,
            0
        ],
        [
            2,
            6,
            0,
            15,
            2
        ],
        [
            1,
            18,
            2,
            2,
            27
        ]
    ],
    "classification_report": {
        "Anger": {
            "precision": 0.5833333333333334,
            "recall": 0.5915492957746479,
            "f1-score": 0.5874125874125874,
            "support": 71.0
        },
        "Neutral": {
            "precision": 0.9350046425255338,
            "recall": 0.8887908208296558,
            "f1-score": 0.9113122171945701,
            "support": 1133.0
        },
        "Joy": {
            "precision": 0.5533333333333333,
            "recall": 0.7614678899082569,
            "f1-score": 0.640926640926641,
            "support": 109.0
        },
        "Sadness": {
            "precision": 0.45454545454545453,
            "recall": 0.6,
            "f1-score": 0.5172413793103449,
            "support": 25.0
        },
        "Fear": {
            "precision": 0.48214285714285715,
            "recall": 0.54,
            "f1-score": 0.5094339622641509,
            "support": 50.0
        },
        "accuracy": 0.845821325648415,
        "macro avg": {
            "precision": 0.6016719241761025,
            "recall": 0.6763616013025121,
            "f1-score": 0.6332653574216589,
            "support": 1388.0
        },
        "weighted avg": {
            "precision": 0.862075676658652,
            "recall": 0.845821325648415,
            "f1-score": 0.8519357148737117,
            "support": 1388.0
        }
    }
}