{
    "accuracy": 0.8429394812680115,
    "macro_avg_f1": 0.41129656967726635,
    "weighted_avg_f1": 0.8156916679592011,
    "confusion_matrix": [
        [
            23,
            46,
            2,
            0,
            0
        ],
        [
            10,
            1098,
            18,
            1,
            6
        ],
        [
            4,
            62,
            43,
            0,
            0
        ],
        [
            7,
            11,
            2,
            2,
            3
        ],
        [
            5,
            38,
            2,
            1,
            4
        ]
    ],
    "classification_report": {
        "Anger": {
            "precision": 0.46938775510204084,
            "recall": 0.323943661971831,
            "f1-score": 0.38333333333333336,
            "support": 71.0
        },
        "Neutral": {
            "precision": 0.8749003984063745,
            "recall": 0.9691085613415711,
            "f1-score": 0.9195979899497487,
            "support": 1133.0
        },
        "Joy": {
            "precision": 0.6417910447761194,
            "recall": 0.3944954128440367,
            "f1-score": 0.48863636363636365,
            "support": 109.0
        },
        "Sadness": {
            "precision": 0.5,
            "recall": 0.08,
            "f1-score": 0.13793103448275862,
            "support": 25.0
        },
        "Fear": {
            "precision": 0.3076923076923077,
            "recall": 0.08,
            "f1-score": 0.12698412698412698,
            "support": 50.0
        },
        "accuracy": 0.8429394812680115,
        "macro avg": {
            "precision": 0.5587543011953684,
            "recall": 0.3695095272314878,
            "f1-score": 0.41129656967726635,
            "support": 1388.0
        },
        "weighted avg": {
            "precision": 0.8086660816079825,
            "recall": 0.8429394812680115,
            "f1-score": 0.8156916679592011,
            "support": 1388.0
        }
    }
}