{
    "accuracy": 0.850864553314121,
    "macro_avg_f1": 0.5083181663237732,
    "weighted_avg_f1": 0.8317671353619366,
    "confusion_matrix": [
        [
            31,
            38,
            2,
            0,
            0
        ],
        [
            15,
            1089,
            19,
            3,
            7
        ],
        [
            1,
            61,
            47,
            0,
            0
        ],
        [
            3,
            9,
            3,
            7,
            3
        ],
        [
            4,
            37,
            2,
            0,
            7
        ]
    ],
    "classification_report": {
        "Anger": {
            "precision": 0.5740740740740741,
            "recall": 0.43661971830985913,
            "f1-score": 0.496,
            "support": 71.0
        },
        "Neutral": {
            "precision": 0.8824959481361426,
            "recall": 0.9611650485436893,
            "f1-score": 0.9201520912547528,
            "support": 1133.0
        },
        "Joy": {
            "precision": 0.6438356164383562,
            "recall": 0.43119266055045874,
            "f1-score": 0.5164835164835165,
            "support": 109.0
        },
        "Sadness": {
            "precision": 0.7,
            "recall": 0.28,
            "f1-score": 0.4,
            "support": 25.0
        },
        "Fear": {
            "precision": 0.4117647058823529,
            "recall": 0.14,
            "f1-score": 0.208955223880597,
            "support": 50.0
        },
        "accuracy": 0.850864553314121,
        "macro avg": {
            "precision": 0.6424340689061852,
            "recall": 0.44979548548080145,
            "f1-score": 0.5083181663237732,
            "support": 1388.0
        },
        "weighted avg": {
            "precision": 0.8277330590658553,
            "recall": 0.850864553314121,
            "f1-score": 0.8317671353619366,
            "support": 1388.0
        }
    }
}