{
    "accuracy": 0.8479279279279279,
    "macro_avg_f1": 0.5344638784762962,
    "weighted_avg_f1": 0.8323259074082677,
    "confusion_matrix": [
        [
            51,
            77,
            8,
            0,
            6
        ],
        [
            22,
            2162,
            62,
            7,
            13
        ],
        [
            1,
            115,
            97,
            3,
            2
        ],
        [
            3,
            24,
            3,
            18,
            2
        ],
        [
            5,
            67,
            2,
            0,
            25
        ]
    ],
    "classification_report": {
        "Anger": {
            "precision": 0.6219512195121951,
            "recall": 0.3591549295774648,
            "f1-score": 0.45535714285714285,
            "support": 142.0
        },
        "Neutral": {
            "precision": 0.8842535787321063,
            "recall": 0.9541041482789056,
            "f1-score": 0.9178518361282105,
            "support": 2266.0
        },
        "Joy": {
            "precision": 0.563953488372093,
            "recall": 0.44495412844036697,
            "f1-score": 0.49743589743589745,
            "support": 218.0
        },
        "Sadness": {
            "precision": 0.6428571428571429,
            "recall": 0.36,
            "f1-score": 0.46153846153846156,
            "support": 50.0
        },
        "Fear": {
            "precision": 0.5208333333333334,
            "recall": 0.25252525252525254,
            "f1-score": 0.3401360544217687,
            "support": 99.0
        },
        "accuracy": 0.8479279279279279,
        "macro avg": {
            "precision": 0.6467697525613741,
            "recall": 0.47414769176439797,
            "f1-score": 0.5344638784762962,
            "support": 2775.0
        },
        "weighted avg": {
            "precision": 0.8283541982651021,
            "recall": 0.8479279279279279,
            "f1-score": 0.8323259074082677,
            "support": 2775.0
        }
    }
}