{
    "accuracy": 0.8141210374639769,
    "macro_avg_f1": 0.5231967479958876,
    "weighted_avg_f1": 0.8151239512371627,
    "confusion_matrix": [
        [
            32,
            33,
            4,
            2,
            0
        ],
        [
            27,
            1010,
            67,
            5,
            24
        ],
        [
            6,
            36,
            67,
            0,
            0
        ],
        [
            3,
            3,
            3,
            11,
            5
        ],
        [
            2,
            34,
            4,
            0,
            10
        ]
    ],
    "classification_report": {
        "Anger": {
            "precision": 0.45714285714285713,
            "recall": 0.4507042253521127,
            "f1-score": 0.45390070921985815,
            "support": 71.0
        },
        "Neutral": {
            "precision": 0.9050179211469535,
            "recall": 0.8914386584289496,
            "f1-score": 0.8981769675411294,
            "support": 1133.0
        },
        "Joy": {
            "precision": 0.46206896551724136,
            "recall": 0.6146788990825688,
            "f1-score": 0.5275590551181102,
            "support": 109.0
        },
        "Sadness": {
            "precision": 0.6111111111111112,
            "recall": 0.44,
            "f1-score": 0.5116279069767442,
            "support": 25.0
        },
        "Fear": {
            "precision": 0.2564102564102564,
            "recall": 0.2,
            "f1-score": 0.2247191011235955,
            "support": 50.0
        },
        "accuracy": 0.8141210374639769,
        "macro avg": {
            "precision": 0.5383502222656839,
            "recall": 0.5193643565727262,
            "f1-score": 0.5231967479958876,
            "support": 1388.0
        },
        "weighted avg": {
            "precision": 0.8186644491039705,
            "recall": 0.8141210374639769,
            "f1-score": 0.8151239512371627,
            "support": 1388.0
        }
    }
}