{
    "accuracy": 0.8529729729729729,
    "macro_avg_f1": 0.643241688823248,
    "weighted_avg_f1": 0.8565636097856167,
    "confusion_matrix": [
        [
            98,
            33,
            4,
            2,
            5
        ],
        [
            69,
            2049,
            100,
            14,
            34
        ],
        [
            5,
            63,
            146,
            3,
            1
        ],
        [
            6,
            6,
            4,
            33,
            1
        ],
        [
            8,
            43,
            5,
            2,
            41
        ]
    ],
    "classification_report": {
        "Anger": {
            "precision": 0.5268817204301075,
            "recall": 0.6901408450704225,
            "f1-score": 0.5975609756097561,
            "support": 142.0
        },
        "Neutral": {
            "precision": 0.9339106654512306,
            "recall": 0.9042365401588702,
            "f1-score": 0.9188340807174888,
            "support": 2266.0
        },
        "Joy": {
            "precision": 0.5637065637065637,
            "recall": 0.6697247706422018,
            "f1-score": 0.6121593291404612,
            "support": 218.0
        },
        "Sadness": {
            "precision": 0.6111111111111112,
            "recall": 0.66,
            "f1-score": 0.6346153846153846,
            "support": 50.0
        },
        "Fear": {
            "precision": 0.5,
            "recall": 0.41414141414141414,
            "f1-score": 0.4530386740331492,
            "support": 99.0
        },
        "accuracy": 0.8529729729729729,
        "macro avg": {
            "precision": 0.6271220121398027,
            "recall": 0.6676487140025819,
            "f1-score": 0.643241688823248,
            "support": 2775.0
        },
        "weighted avg": {
            "precision": 0.8627035526692433,
            "recall": 0.8529729729729729,
            "f1-score": 0.8565636097856167,
            "support": 2775.0
        }
    }
}