{
    "accuracy": 0.829971181556196,
    "macro_avg_f1": 0.5574342386348292,
    "weighted_avg_f1": 0.8353327929025357,
    "confusion_matrix": [
        [
            42,
            21,
            1,
            1,
            6
        ],
        [
            27,
            1016,
            53,
            11,
            26
        ],
        [
            8,
            33,
            64,
            4,
            0
        ],
        [
            5,
            2,
            1,
            13,
            4
        ],
        [
            1,
            24,
            4,
            4,
            17
        ]
    ],
    "classification_report": {
        "Anger": {
            "precision": 0.5060240963855421,
            "recall": 0.5915492957746479,
            "f1-score": 0.5454545454545454,
            "support": 71.0
        },
        "Neutral": {
            "precision": 0.927007299270073,
            "recall": 0.8967343336275375,
            "f1-score": 0.91161956034096,
            "support": 1133.0
        },
        "Joy": {
            "precision": 0.5203252032520326,
            "recall": 0.5871559633027523,
            "f1-score": 0.5517241379310345,
            "support": 109.0
        },
        "Sadness": {
            "precision": 0.3939393939393939,
            "recall": 0.52,
            "f1-score": 0.4482758620689655,
            "support": 25.0
        },
        "Fear": {
            "precision": 0.32075471698113206,
            "recall": 0.34,
            "f1-score": 0.3300970873786408,
            "support": 50.0
        },
        "accuracy": 0.829971181556196,
        "macro avg": {
            "precision": 0.5336101419656348,
            "recall": 0.5870879185409875,
            "f1-score": 0.5574342386348292,
            "support": 1388.0
        },
        "weighted avg": {
            "precision": 0.8420955682769301,
            "recall": 0.829971181556196,
            "f1-score": 0.8353327929025357,
            "support": 1388.0
        }
    }
}