{
    "accuracy": 0.843963963963964,
    "macro_avg_f1": 0.6063894310154547,
    "weighted_avg_f1": 0.8492843664051815,
    "confusion_matrix": [
        [
            85,
            41,
            5,
            4,
            7
        ],
        [
            52,
            2031,
            120,
            20,
            43
        ],
        [
            10,
            48,
            158,
            2,
            0
        ],
        [
            4,
            5,
            4,
            29,
            8
        ],
        [
            9,
            45,
            2,
            4,
            39
        ]
    ],
    "classification_report": {
        "Anger": {
            "precision": 0.53125,
            "recall": 0.5985915492957746,
            "f1-score": 0.5629139072847682,
            "support": 142.0
        },
        "Neutral": {
            "precision": 0.9359447004608294,
            "recall": 0.8962930273609885,
            "f1-score": 0.9156898106402164,
            "support": 2266.0
        },
        "Joy": {
            "precision": 0.5467128027681661,
            "recall": 0.7247706422018348,
            "f1-score": 0.6232741617357002,
            "support": 218.0
        },
        "Sadness": {
            "precision": 0.4915254237288136,
            "recall": 0.58,
            "f1-score": 0.5321100917431193,
            "support": 50.0
        },
        "Fear": {
            "precision": 0.4020618556701031,
            "recall": 0.3939393939393939,
            "f1-score": 0.3979591836734694,
            "support": 99.0
        },
        "accuracy": 0.843963963963964,
        "macro avg": {
            "precision": 0.5814989565255824,
            "recall": 0.6387189225595984,
            "f1-score": 0.6063894310154547,
            "support": 2775.0
        },
        "weighted avg": {
            "precision": 0.8576043160884615,
            "recall": 0.843963963963964,
            "f1-score": 0.8492843664051815,
            "support": 2775.0
        }
    }
}