{
    "accuracy": 0.7902702702702703,
    "macro_avg_f1": 0.5209435604061973,
    "weighted_avg_f1": 0.8022889615477555,
    "confusion_matrix": [
        [
            65,
            59,
            4,
            5,
            9
        ],
        [
            94,
            1933,
            137,
            33,
            69
        ],
        [
            14,
            73,
            127,
            1,
            3
        ],
        [
            7,
            11,
            1,
            27,
            4
        ],
        [
            10,
            39,
            5,
            4,
            41
        ]
    ],
    "classification_report": {
        "Anger": {
            "precision": 0.34210526315789475,
            "recall": 0.45774647887323944,
            "f1-score": 0.39156626506024095,
            "support": 142.0
        },
        "Neutral": {
            "precision": 0.9139479905437352,
            "recall": 0.853045013239188,
            "f1-score": 0.8824469299246748,
            "support": 2266.0
        },
        "Joy": {
            "precision": 0.4635036496350365,
            "recall": 0.5825688073394495,
            "f1-score": 0.516260162601626,
            "support": 218.0
        },
        "Sadness": {
            "precision": 0.38571428571428573,
            "recall": 0.54,
            "f1-score": 0.45,
            "support": 50.0
        },
        "Fear": {
            "precision": 0.3253968253968254,
            "recall": 0.41414141414141414,
            "f1-score": 0.36444444444444446,
            "support": 99.0
        },
        "accuracy": 0.7902702702702703,
        "macro avg": {
            "precision": 0.4861336028895556,
            "recall": 0.5695003427186582,
            "f1-score": 0.5209435604061973,
            "support": 2775.0
        },
        "weighted avg": {
            "precision": 0.8187851854273741,
            "recall": 0.7902702702702703,
            "f1-score": 0.8022889615477555,
            "support": 2775.0
        }
    }
}