{
    "train_loss": [
        1.2937809048600641,
        1.088161348504665,
        0.9846864006498323,
        0.9173811866477231,
        0.8706693416508828,
        0.8348131952008784,
        0.8064611490102819,
        0.7771548328067427,
        0.7549108544917926,
        0.7383277398549514,
        0.7200091348426633,
        0.7114911171304522,
        0.692292087665209,
        0.6840249776849419,
        0.6737854267757863,
        0.6595693628883391,
        0.6479560451991551,
        0.6401968863101384,
        0.6346322096206297,
        0.6246683554102018,
        0.6106178312641971,
        0.6013101705170278,
        0.5933123850645652,
        0.5917412598470475,
        0.578457506566609,
        0.570291591872945,
        0.5596920916954222,
        0.5559045300866028,
        0.5463555814327421,
        0.5442197064509554,
        0.5371029445768858,
        0.5298571991677374,
        0.5249679998914665,
        0.5193614275133557,
        0.5120044672128206,
        0.5056061028660715,
        0.49874503239264134,
        0.4856026031936723,
        0.4862833818060785,
        0.476142645867479,
        0.481636714041187,
        0.46883576320622117,
        0.4621182207012957,
        0.45974175436556036,
        0.45590899437412713,
        0.4457249465634019,
        0.4464347239450787,
        0.43678972209308387,
        0.4352952603917761,
        0.42710971558331595,
        0.4251843868314106,
        0.4164414005174199,
        0.41252480903328176,
        0.4050300536965285,
        0.40454890902768365,
        0.40224149498599915,
        0.391496760805497,
        0.38696996762913494,
        0.3896483442440074,
        0.3821073943107662,
        0.3795797533351193,
        0.36927188143983575,
        0.36131055507375565,
        0.3650385048001586,
        0.3634816509631655,
        0.3531193353826197,
        0.3494888064934227,
        0.3477169455948595,
        0.34310208509461637,
        0.33764881762105753,
        0.34366710130663386,
        0.33916023431845654,
        0.3371718326621201,
        0.3293785135067911,
        0.3343332079790962,
        0.3265545288727859,
        0.323182975690626,
        0.3258279722817582,
        0.3248577041860233,
        0.32395496905061794,
        0.32086949764291783,
        0.32084971933373707
    ],
    "train_acc": [
        0.8129151861578866,
        0.8178587980843504,
        0.8203306040475823,
        0.824347288737834,
        0.826201143210258,
        0.825737679592152,
        0.8232658736289201,
        0.826510118955662,
        0.8299088521551058,
        0.827282558319172,
        0.8289819249188939,
        0.8334620732272516,
        0.8319171945002317,
        0.8317627066275297,
        0.8331530974818476,
        0.8329986096091457,
        0.8337710489726556,
        0.8351614398269736,
        0.8384056851537154,
        0.8376332457902055,
        0.8388691487718214,
        0.8396415881353314,
        0.8422678819712652,
        0.8419589062258612,
        0.848601884752047,
        0.8465935424069211,
        0.8489108604974509,
        0.8490653483701529,
        0.8493743241155569,
        0.8501467634790669,
        0.8516916422060868,
        0.8549358875328287,
        0.8558628147690406,
        0.8586435964776765,
        0.8597250115865904,
        0.8592615479684845,
        0.8575621813687625,
        0.8652865750038622,
        0.8623513054225244,
        0.8657500386219682,
        0.8649775992584582,
        0.869612235439518,
        0.869148771821412,
        0.8716205777846439,
        0.8723930171481539,
        0.871466089911942,
        0.8722385292754519,
        0.8756372624748957,
        0.8754827746021937,
        0.8765641897111077,
        0.8779545805654256,
        0.8824347288737834,
        0.8836706318553994,
        0.8859879499459292,
        0.8858334620732272,
        0.8825892167464854,
        0.8879962922910551,
        0.8903136103815851,
        0.8879962922910551,
        0.891704001235903,
        0.8961841495442607,
        0.8974200525258768,
        0.8992739069983007,
        0.8969565889077707,
        0.8951027344353468,
        0.8997373706164066,
        0.9011277614707246,
        0.8994283948710027,
        0.9046809825428704,
        0.9039085431793604,
        0.9011277614707246,
        0.9015912250888305,
        0.9011277614707246,
        0.9077707399969103,
        0.9040630310520624,
        0.9090066429785262,
        0.9110149853236521,
        0.9091611308512282,
        0.9076162521242083,
        0.9079252278696123,
        0.9116329368144601,
        0.9105515217055461
    ],
    "val_loss": [
        1.15209267691449,
        1.0355061832419388,
        0.9600675614245303,
        0.9069728547173578,
        0.8709707064671559,
        0.8448169326352644,
        0.8253730696815628,
        0.8068815875268197,
        0.7962650585818936,
        0.78153984606803,
        0.7727329290664948,
        0.7638243634636338,
        0.7573804671055562,
        0.750733474890391,
        0.7453128718255877,
        0.736851593653361,
        0.731898172052057,
        0.7282701270215146,
        0.7277430638858864,
        0.7190296673022949,
        0.7184637777440183,
        0.7156749346234776,
        0.7098455608857644,
        0.7082699373928276,
        0.7043523703931688,
        0.7016396144274119,
        0.7003531993294622,
        0.6971430925743,
        0.6952641035092844,
        0.6927651636987119,
        0.6921570738693615,
        0.6960510772412961,
        0.6864142368076084,
        0.6872034849669483,
        0.6841818362742931,
        0.6817508063874803,
        0.6846648124424187,
        0.6782439134357212,
        0.6830725142547677,
        0.6769907793161032,
        0.6779242483345238,
        0.6726189229832039,
        0.6756559133959246,
        0.6727393320551863,
        0.6677506499891882,
        0.6721518041851284,
        0.6675447493523091,
        0.6699206229587933,
        0.6631847033844338,
        0.6658001305176331,
        0.6641729094101502,
        0.6618345025638203,
        0.6604857417592057,
        0.6615840598377022,
        0.6555947538324305,
        0.6634142501880457,
        0.6530703821590355,
        0.6611681687080109,
        0.6561458832401413,
        0.6581149540828155,
        0.6499239150253502,
        0.6578845563396677,
        0.6518290994994275,
        0.6536148564665167,
        0.6534098341819402,
        0.6490739966996081,
        0.6487482601189398,
        0.6491848243786408,
        0.6494576293820733,
        0.6486386978465157,
        0.6460003731809221,
        0.642834279257972,
        0.6516742385185517,
        0.6469657459935626,
        0.6487418902940578,
        0.6460623517713031,
        0.6487116916759594,
        0.6470689307139801,
        0.6454294499191078,
        0.6463664816628705,
        0.6459540170001554,
        0.646066911918623
    ],