{
    "accuracy": 0.8522522522522522,
    "macro_avg_f1": 0.5288553895406013,
    "weighted_avg_f1": 0.8372784704563553,
    "confusion_matrix": [
        [
            59,
            73,
            4,
            2,
            4
        ],
        [
            27,
            2165,
            52,
            5,
            17
        ],
        [
            4,
            108,
            105,
            1,
            0
        ],
        [
            5,
            21,
            4,
            16,
            4
        ],
        [
            6,
            67,
            3,
            3,
            20
        ]
    ],
    "classification_report": {
        "Anger": {
            "precision": 0.5841584158415841,
            "recall": 0.4154929577464789,
            "f1-score": 0.48559670781893005,
            "support": 142.0
        },
        "Neutral": {
            "precision": 0.889482333607231,
            "recall": 0.9554280670785525,
            "f1-score": 0.9212765957446809,
            "support": 2266.0
        },
        "Joy": {
            "precision": 0.625,
            "recall": 0.481651376146789,
            "f1-score": 0.5440414507772021,
            "support": 218.0
        },
        "Sadness": {
            "precision": 0.5925925925925926,
            "recall": 0.32,
            "f1-score": 0.4155844155844156,
            "support": 50.0
        },
        "Fear": {
            "precision": 0.4444444444444444,
            "recall": 0.20202020202020202,
            "f1-score": 0.2777777777777778,
            "support": 99.0
        },
        "accuracy": 0.8522522522522522,
        "macro avg": {
            "precision": 0.6271355572971704,
            "recall": 0.47491852059840445,
            "f1-score": 0.5288553895406013,
            "support": 2775.0
        },
        "weighted avg": {
            "precision": 0.8318548081560793,
            "recall": 0.8522522522522522,
            "f1-score": 0.8372784704563553,
            "support": 2775.0
        }
    }
}