{
    "accuracy": 0.8249279538904899,
    "macro_avg_f1": 0.5478643906359628,
    "weighted_avg_f1": 0.8293146479358091,
    "confusion_matrix": [
        [
            39,
            23,
            2,
            2,
            5
        ],
        [
            25,
            1016,
            59,
            3,
            30
        ],
        [
            7,
            36,
            64,
            1,
            1
        ],
        [
            4,
            3,
            2,
            11,
            5
        ],
        [
            3,
            26,
            3,
            3,
            15
        ]
    ],
    "classification_report": {
        "Anger": {
            "precision": 0.5,
            "recall": 0.5492957746478874,
            "f1-score": 0.5234899328859061,
            "support": 71.0
        },
        "Neutral": {
            "precision": 0.9202898550724637,
            "recall": 0.8967343336275375,
            "f1-score": 0.9083594099240053,
            "support": 1133.0
        },
        "Joy": {
            "precision": 0.49230769230769234,
            "recall": 0.5871559633027523,
            "f1-score": 0.5355648535564853,
            "support": 109.0
        },
        "Sadness": {
            "precision": 0.55,
            "recall": 0.44,
            "f1-score": 0.4888888888888889,
            "support": 25.0
        },
        "Fear": {
            "precision": 0.26785714285714285,
            "recall": 0.3,
            "f1-score": 0.2830188679245283,
            "support": 50.0
        },
        "accuracy": 0.8249279538904899,
        "macro avg": {
            "precision": 0.5460909380474598,
            "recall": 0.5546372143156354,
            "f1-score": 0.5478643906359628,
            "support": 1388.0
        },
        "weighted avg": {
            "precision": 0.8350092229117414,
            "recall": 0.8249279538904899,
            "f1-score": 0.8293146479358091,
            "support": 1388.0
        }
    }
}