{
    "accuracy": 0.8097297297297297,
    "macro_avg_f1": 0.5530681407008172,
    "weighted_avg_f1": 0.8210758550397509,
    "confusion_matrix": [
        [
            81,
            40,
            6,
            6,
            9
        ],
        [
            66,
            1957,
            138,
            44,
            61
        ],
        [
            7,
            62,
            140,
            4,
            5
        ],
        [
            2,
            8,
            3,
            31,
            6
        ],
        [
            14,
            41,
            4,
            2,
            38
        ]
    ],
    "classification_report": {
        "Anger": {
            "precision": 0.4764705882352941,
            "recall": 0.5704225352112676,
            "f1-score": 0.5192307692307693,
            "support": 142.0
        },
        "Neutral": {
            "precision": 0.9283681214421252,
            "recall": 0.8636363636363636,
            "f1-score": 0.8948331047096479,
            "support": 2266.0
        },
        "Joy": {
            "precision": 0.48109965635738833,
            "recall": 0.6422018348623854,
            "f1-score": 0.550098231827112,
            "support": 218.0
        },
        "Sadness": {
            "precision": 0.3563218390804598,
            "recall": 0.62,
            "f1-score": 0.45255474452554745,
            "support": 50.0
        },
        "Fear": {
            "precision": 0.31932773109243695,
            "recall": 0.3838383838383838,
            "f1-score": 0.3486238532110092,
            "support": 99.0
        },
        "accuracy": 0.8097297297297297,
        "macro avg": {
            "precision": 0.5123175872415409,
            "recall": 0.6160198235096801,
            "f1-score": 0.5530681407008172,
            "support": 2775.0
        },
        "weighted avg": {
            "precision": 0.8380721618505773,
            "recall": 0.8097297297297297,
            "f1-score": 0.8210758550397509,
            "support": 2775.0
        }
    }
}