{
    "train_loss": [
        0.9096180041434591,
        0.656260491006896,
        0.6101099775070313,
        0.5764889352401196,
        0.5456835058033098,
        0.5257177080668979,
        0.5092778572782746,
        0.4935152589611718,
        0.4811044327813409,
        0.4672731087072229,
        0.4561315792968453,
        0.44041710182085025,
        0.4338368731464532,
        0.42246054641543274,
        0.4152863262168262,
        0.4073286938984108,
        0.4031142382266642,
        0.3922228301116651,
        0.38266240312672956,
        0.3792121817619161,
        0.371782215668996,
        0.3661645653258148,
        0.3617515176239945,
        0.3494561655799155,
        0.34500921982696237,
        0.3408078128570974,
        0.33499406305762247,
        0.33412225862184475,
        0.3247149848967459,
        0.3236737992655951,
        0.3120778886732566,
        0.30808809419865957,
        0.30361356693970404,
        0.2962885469161389,
        0.2957473195380127,
        0.29308898177812953,
        0.28677370371607824,
        0.2791956234516113,
        0.27434182441499827,
        0.2709305669159176,
        0.27218081712796455,
        0.2647342153609591,
        0.25836961820482174,
        0.25949993410938604
    ],
    "train_acc": [
        0.7877008652657602,
        0.8164400494437577,
        0.8167490729295427,
        0.8201483312731768,
        0.8260197775030902,
        0.8275648949320148,
        0.8328182941903585,
        0.8368355995055624,
        0.8405438813349815,
        0.8470333745364648,
        0.845797280593325,
        0.8529048207663782,
        0.8510506798516687,
        0.8569221260815822,
        0.8621755253399258,
        0.8631025957972805,
        0.8658838071693449,
        0.8702101359703337,
        0.869283065512979,
        0.8708281829419036,
        0.8708281829419036,
        0.877008652657602,
        0.8779357231149567,
        0.8813349814585909,
        0.8822620519159456,
        0.8856613102595797,
        0.8902966625463535,
        0.8878244746600742,
        0.8943139678615575,
        0.8896786155747837,
        0.8943139678615575,
        0.8936959208899876,
        0.8977132262051916,
        0.9001854140914709,
        0.8989493201483313,
        0.9008034610630408,
        0.90389369592089,
        0.9088380716934487,
        0.9051297898640297,
        0.9110012360939431,
        0.9094561186650185,
        0.9088380716934487,
        0.9147095179233622,
        0.9165636588380717
    ],
    "val_loss": [
        0.6730776003183481,
        0.6173214330109807,
        0.5770589449907242,
        0.5467766172947732,
        0.5276918936875094,
        0.5090722281067104,
        0.49753555569593777,
        0.48823282019549213,
        0.4813394925264529,
        0.4784034444207073,
        0.4716053768262396,
        0.46613406602518703,
        0.4659774428829336,
        0.45958668328499586,
        0.4559677743087241,
        0.4547712748779,
        0.4526890852952897,
        0.45643540151868156,
        0.450767116132662,
        0.4492045683458834,
        0.4489436883919521,
        0.44872655335180356,
        0.44748422958665346,
        0.44703613934496295,
        0.4457213100936983,
        0.44598092868795314,
        0.4451622895960849,
        0.4451500140452591,
        0.4450216183401322,
        0.4443785579987837,
        0.44467478453769466,
        0.44633447531320863,
        0.4461022925050527,
        0.4430209506056151,
        0.4452099670851952,
        0.44557690122285565,
        0.4467257943208348,
        0.4446485298511274,
        0.44579267360119723,
        0.44585339312766403,
        0.4486093182299254,
        0.44684714589922847,
        0.4468964795643727,
        0.44714550570898853
    ],
    "val_acc": [
        0.8162824207492796,
        0.8162824207492796,
        0.8206051873198847,
        0.8270893371757925,
        0.829250720461095,
        0.8342939481268011,
        0.8371757925072046,
        0.840778097982709,
        0.845821325648415,
        0.845821325648415,
        0.8501440922190202,
        0.8487031700288185,
        0.8501440922190202,
        0.8487031700288185,
        0.8472622478386167,
        0.8501440922190202,
        0.850864553314121,
        0.8523054755043228,
        0.8501440922190202,
        0.8537463976945245,
        0.8537463976945245,
        0.8494236311239193,
        0.8530259365994236,
        0.8530259365994236,
        0.8573487031700289,
        0.8573487031700289,
        0.8559077809798271,
        0.8573487031700289,
        0.8587896253602305,
        0.8587896253602305,
        0.8587896253602305,
        0.8566282420749279,
        0.8609510086455331,
        0.8580691642651297,
        0.8551873198847262,
        0.8609510086455331,
        0.8580691642651297,
        0.8573487031700289,
        0.8595100864553314,
        0.8595100864553314,
        0.8609510086455331,
        0.8602305475504323,
        0.8580691642651297,
        0.8580691642651297
    ],
    "learning_rate": [
        0.0001,
        0.0001,
        0.0001,
        0.0001,
        0.0001,
        0.0001,
        0.0001,
        0.0001,
        0.0001,
        0.0001,
        0.0001,
        0.0001,
        0.0001,
        0.0001,
        0.0001,
        0.0001,
        0.0001,
        0.0001,
        0.0001,
        0.0001,
        0.0001,
        0.0001,
        0.0001,
        0.0001,
        0.0001,
        0.0001,
        0.0001,
        0.0001,
        0.0001,
        0.0001,
        0.0001,
        0.0001,
        0.0001,
        0.0001,
        0.0001,
        0.0001,
        0.0001,
        5e-05,
        5e-05,
        5e-05,
        5e-05,
        2.5e-05,
        2.5e-05,
        2.5e-05
    ]
}