{
    "accuracy": 0.8623423423423423,
    "macro_avg_f1": 0.5909232497706789,
    "weighted_avg_f1": 0.8514092593976492,
    "confusion_matrix": [
        [
            67,
            68,
            3,
            1,
            3
        ],
        [
            31,
            2164,
            44,
            4,
            23
        ],
        [
            5,
            101,
            112,
            0,
            0
        ],
        [
            4,
            16,
            4,
            23,
            3
        ],
        [
            7,
            59,
            4,
            2,
            27
        ]
    ],
    "classification_report": {
        "Anger": {
            "precision": 0.5877192982456141,
            "recall": 0.47183098591549294,
            "f1-score": 0.5234375,
            "support": 142.0
        },
        "Neutral": {
            "precision": 0.8986710963455149,
            "recall": 0.9549867608120035,
            "f1-score": 0.9259734702610184,
            "support": 2266.0
        },
        "Joy": {
            "precision": 0.6706586826347305,
            "recall": 0.5137614678899083,
            "f1-score": 0.5818181818181818,
            "support": 218.0
        },
        "Sadness": {
            "precision": 0.7666666666666667,
            "recall": 0.46,
            "f1-score": 0.575,
            "support": 50.0
        },
        "Fear": {
            "precision": 0.48214285714285715,
            "recall": 0.2727272727272727,
            "f1-score": 0.34838709677419355,
            "support": 99.0
        },
        "accuracy": 0.8623423423423423,
        "macro avg": {
            "precision": 0.6811717202070766,
            "recall": 0.5346612974689355,
            "f1-score": 0.5909232497706789,
            "support": 2775.0
        },
        "weighted avg": {
            "precision": 0.8476086175404186,
            "recall": 0.8623423423423423,
            "f1-score": 0.8514092593976492,
            "support": 2775.0
        }
    }
}