{
    "train_loss": [
        1.2909179242196571,
        0.7987553809570294,
        0.7096720674939739,
        0.679472249761058,
        0.6555420007782312,
        0.6345715713589389,
        0.6171412245820568,
        0.598874115936541,
        0.5846648571738796,
        0.5732002844769227,
        0.5619107415008604,
        0.5499069284744404,
        0.5418250035443913,
        0.5305034829526956,
        0.5216715577506311,
        0.5166701572787187,
        0.5103868253630378,
        0.503990865092637,
        0.4957160860926318,
        0.49093849185223337,
        0.4859318913723836,
        0.4785830141292662,
        0.47182792395684864,
        0.46773910669814817,
        0.46493624244691123,
        0.46247026265330604,
        0.45777998008156295,
        0.4539933767542704,
        0.4523064679430501,
        0.43856340440448344,
        0.44135990425741717,
        0.44039435131643406,
        0.4372595123513815,
        0.43271891417255803,
        0.43005407826309594,
        0.42537838708706044,
        0.4201831761264094,
        0.4207210942679194,
        0.41752354095244437,
        0.4151845442128859,
        0.41353199674260926,
        0.40850607393256516,
        0.4039420060380575,
        0.4000982059020784,
        0.3997769294622065,
        0.39725693463542405,
        0.39376712898978194,
        0.3916411815747637,
        0.38751740672606033,
        0.38900723502647744,
        0.3805882072235067,
        0.37812341504692293,
        0.38009659899916726,
        0.3739503026376991,
        0.37245587807503266,
        0.37054942679972525,
        0.3699432520106048,
        0.3665918583701951,
        0.3651670151941561,
        0.3630354862720032,
        0.3553286091653614,
        0.35857428724524115,
        0.3553881952803863,
        0.3496125306432194,
        0.3534320174061379,
        0.34750046450713806,
        0.3471539086479192,
        0.34151238055694827,
        0.33877947510246587,
        0.3394321210231121,
        0.33846337018518424,
        0.33612054277888337,
        0.33637671176302714
    ],
    "train_acc": [
        0.8164400494437577,
        0.8164400494437577,
        0.8164400494437577,
        0.8164400494437577,
        0.8167490729295427,
        0.8170580964153276,
        0.8179851668726823,
        0.8186032138442522,
        0.8195302843016069,
        0.8210754017305315,
        0.8223114956736712,
        0.8250927070457355,
        0.8254017305315204,
        0.8312731767614339,
        0.834672435105068,
        0.8340543881334982,
        0.8355995055624228,
        0.8365265760197775,
        0.838380716934487,
        0.8374536464771323,
        0.8414709517923362,
        0.8451792336217553,
        0.8467243510506799,
        0.8464153275648949,
        0.8439431396786156,
        0.8495055624227441,
        0.8516687268232386,
        0.8516687268232386,
        0.8519777503090235,
        0.8590852904820766,
        0.8544499381953028,
        0.8553770086526576,
        0.8541409147095179,
        0.8566131025957973,
        0.8587762669962917,
        0.8590852904820766,
        0.8603213844252163,
        0.8609394313967862,
        0.8612484548825711,
        0.8637206427688504,
        0.8634116192830655,
        0.8627935723114957,
        0.8671199011124846,
        0.865265760197775,
        0.865265760197775,
        0.8649567367119901,
        0.8665018541409147,
        0.8702101359703337,
        0.86557478368356,
        0.8683559950556242,
        0.8680469715698393,
        0.869283065512979,
        0.8708281829419036,
        0.8711372064276885,
        0.869283065512979,
        0.8717552533992583,
        0.8686650185414091,
        0.8757725587144622,
        0.8745364647713226,
        0.872991347342398,
        0.8736093943139679,
        0.8720642768850433,
        0.8754635352286774,
        0.8745364647713226,
        0.872991347342398,
        0.8760815822002472,
        0.8742274412855378,
        0.8797898640296663,
        0.8776266996291718,
        0.8825710754017305,
        0.880716934487021,
        0.880407911001236,
        0.8813349814585909
    ],
    "val_loss": [
        0.9567196250648938,
        0.7304318641723061,
        0.6926346651415316,
        0.6657271371451167,
        0.6429258097145675,
        0.6238885077001038,
        0.6075617999096081,
        0.5941016295286008,
        0.5816126863448008,
        0.5711204859640138,
        0.5622157618532263,
        0.5539391427287451,
        0.5471251156041533,
        0.5410496457681189,
        0.5358243182688007,
        0.5309720964356184,
        0.5268220313172519,
        0.523542424529705,
        0.5203285656160855,
        0.5173701811420814,
        0.5149571788242296,
        0.5125480590533111,
        0.5110842188771932,
        0.5085054803478615,
        0.5058480866188961,
        0.504745690554638,
        0.5035712152977154,
        0.5019171718905227,
        0.5006913085835811,
        0.501006409826471,
        0.4987806326545968,
        0.49897058175001774,
        0.49744672467797907,
        0.4968310077527071,
        0.49527486076616073,
        0.4945197503058299,
        0.49360444471884185,
        0.4934181086611679,
        0.4924369738665369,
        0.49222295325496357,
        0.4915207683696527,
        0.49078264969913693,
        0.4904341290594865,
        0.4901607003954027,
        0.4901260986108258,
        0.4893322447019626,
        0.4888532269928572,
        0.48899261554654805,
        0.4878876634393027,
        0.48740414686780154,
        0.48815911183783234,
        0.48843976408672607,
        0.48706342146788273,
        0.488127697871123,
        0.4864661972701378,
        0.4873864174919788,
        0.4862698369823203,
        0.4860501719654809,
        0.48689234789235447,
        0.4860009305415305,
        0.48595575880935626,
        0.4855404202463991,
        0.4846361915041459,
        0.48484610042585763,
        0.48557084077373364,
        0.4855667246178179,
        0.48628294407806066,
        0.48567109441207534,
        0.48553626939267863,
        0.4857945994444471,
        0.48591495178618416,
        0.4859706312847412,
        0.48601054466766996
    ],