{
    "accuracy": 0.7982708933717579,
    "macro_avg_f1": 0.49242264283927933,
    "weighted_avg_f1": 0.8039825808349719,
    "confusion_matrix": [
        [
            31,
            29,
            5,
            2,
            4
        ],
        [
            32,
            995,
            76,
            10,
            20
        ],
        [
            8,
            41,
            58,
            2,
            0
        ],
        [
            6,
            2,
            3,
            10,
            4
        ],
        [
            4,
            28,
            3,
            1,
            14
        ]
    ],
    "classification_report": {
        "Anger": {
            "precision": 0.38271604938271603,
            "recall": 0.43661971830985913,
            "f1-score": 0.40789473684210525,
            "support": 71.0
        },
        "Neutral": {
            "precision": 0.908675799086758,
            "recall": 0.8781994704324801,
            "f1-score": 0.8931777378815081,
            "support": 1133.0
        },
        "Joy": {
            "precision": 0.4,
            "recall": 0.5321100917431193,
            "f1-score": 0.4566929133858268,
            "support": 109.0
        },
        "Sadness": {
            "precision": 0.4,
            "recall": 0.4,
            "f1-score": 0.4,
            "support": 25.0
        },
        "Fear": {
            "precision": 0.3333333333333333,
            "recall": 0.28,
            "f1-score": 0.30434782608695654,
            "support": 50.0
        },
        "accuracy": 0.7982708933717579,
        "macro avg": {
            "precision": 0.4849450363605615,
            "recall": 0.5053858560970917,
            "f1-score": 0.49242264283927933,
            "support": 1388.0
        },
        "weighted avg": {
            "precision": 0.8119374542781961,
            "recall": 0.7982708933717579,
            "f1-score": 0.8039825808349719,
            "support": 1388.0
        }
    }
}