{
    "accuracy": 0.8475675675675676,
    "macro_avg_f1": 0.5187882576300838,
    "weighted_avg_f1": 0.8318412001316313,
    "confusion_matrix": [
        [
            49,
            79,
            6,
            2,
            6
        ],
        [
            28,
            2160,
            52,
            8,
            18
        ],
        [
            4,
            107,
            105,
            2,
            0
        ],
        [
            7,
            24,
            3,
            16,
            0
        ],
        [
            2,
            70,
            5,
            0,
            22
        ]
    ],
    "classification_report": {
        "Anger": {
            "precision": 0.5444444444444444,
            "recall": 0.34507042253521125,
            "f1-score": 0.4224137931034483,
            "support": 142.0
        },
        "Neutral": {
            "precision": 0.8852459016393442,
            "recall": 0.9532215357458076,
            "f1-score": 0.9179770505737357,
            "support": 2266.0
        },
        "Joy": {
            "precision": 0.6140350877192983,
            "recall": 0.481651376146789,
            "f1-score": 0.5398457583547558,
            "support": 218.0
        },
        "Sadness": {
            "precision": 0.5714285714285714,
            "recall": 0.32,
            "f1-score": 0.41025641025641024,
            "support": 50.0
        },
        "Fear": {
            "precision": 0.4782608695652174,
            "recall": 0.2222222222222222,
            "f1-score": 0.30344827586206896,
            "support": 99.0
        },
        "accuracy": 0.8475675675675676,
        "macro avg": {
            "precision": 0.6186829749593751,
            "recall": 0.46443311133000603,
            "f1-score": 0.5187882576300838,
            "support": 2775.0
        },
        "weighted avg": {
            "precision": 0.826326929011552,
            "recall": 0.8475675675675676,
            "f1-score": 0.8318412001316313,
            "support": 2775.0
        }
    }
}