{
    "accuracy": 0.7997118155619597,
    "macro_avg_f1": 0.4941119932962986,
    "weighted_avg_f1": 0.8078067074891658,
    "confusion_matrix": [
        [
            32,
            27,
            1,
            6,
            5
        ],
        [
            30,
            992,
            65,
            15,
            31
        ],
        [
            9,
            38,
            59,
            2,
            1
        ],
        [
            3,
            4,
            2,
            11,
            5
        ],
        [
            4,
            25,
            2,
            3,
            16
        ]
    ],
    "classification_report": {
        "Anger": {
            "precision": 0.41025641025641024,
            "recall": 0.4507042253521127,
            "f1-score": 0.42953020134228187,
            "support": 71.0
        },
        "Neutral": {
            "precision": 0.9134438305709024,
            "recall": 0.8755516328331863,
            "f1-score": 0.8940964398377648,
            "support": 1133.0
        },
        "Joy": {
            "precision": 0.4573643410852713,
            "recall": 0.5412844036697247,
            "f1-score": 0.4957983193277311,
            "support": 109.0
        },
        "Sadness": {
            "precision": 0.2972972972972973,
            "recall": 0.44,
            "f1-score": 0.3548387096774194,
            "support": 25.0
        },
        "Fear": {
            "precision": 0.27586206896551724,
            "recall": 0.32,
            "f1-score": 0.2962962962962963,
            "support": 50.0
        },
        "accuracy": 0.7997118155619597,
        "macro avg": {
            "precision": 0.4708447896350797,
            "recall": 0.5255080523710047,
            "f1-score": 0.4941119932962986,
            "support": 1388.0
        },
        "weighted avg": {
            "precision": 0.8178229929568015,
            "recall": 0.7997118155619597,
            "f1-score": 0.8078067074891658,
            "support": 1388.0
        }
    }
}