{
    "accuracy": 0.8115315315315316,
    "macro_avg_f1": 0.5574740594081546,
    "weighted_avg_f1": 0.8204946923165528,
    "confusion_matrix": [
        [
            72,
            51,
            8,
            2,
            9
        ],
        [
            73,
            1977,
            113,
            25,
            78
        ],
        [
            6,
            72,
            131,
            7,
            2
        ],
        [
            5,
            6,
            4,
            30,
            5
        ],
        [
            4,
            43,
            7,
            3,
            42
        ]
    ],
    "classification_report": {
        "Anger": {
            "precision": 0.45,
            "recall": 0.5070422535211268,
            "f1-score": 0.4768211920529801,
            "support": 142.0
        },
        "Neutral": {
            "precision": 0.9199627733829688,
            "recall": 0.8724624889673434,
            "f1-score": 0.8955832389580974,
            "support": 2266.0
        },
        "Joy": {
            "precision": 0.49809885931558934,
            "recall": 0.6009174311926605,
            "f1-score": 0.5446985446985447,
            "support": 218.0
        },
        "Sadness": {
            "precision": 0.44776119402985076,
            "recall": 0.6,
            "f1-score": 0.5128205128205128,
            "support": 50.0
        },
        "Fear": {
            "precision": 0.3088235294117647,
            "recall": 0.42424242424242425,
            "f1-score": 0.3574468085106383,
            "support": 99.0
        },
        "accuracy": 0.8115315315315316,
        "macro avg": {
            "precision": 0.5249292712280347,
            "recall": 0.6009329195847111,
            "f1-score": 0.5574740594081546,
            "support": 2775.0
        },
        "weighted avg": {
            "precision": 0.8324622648395904,
            "recall": 0.8115315315315316,
            "f1-score": 0.8204946923165528,
            "support": 2775.0
        }
    }
}