{
    "train_loss": [
        1.4367760608458549,
        1.2006484268622286,
        1.1365986741222764,
        1.068624431918961,
        1.0190649267622214,
        0.9647813088666966,
        0.9357847596054761,
        0.9157128959562634,
        0.8785938148298134,
        0.865258358649182,
        0.8405482416836676,
        0.8265111110413768,
        0.8094409808277052,
        0.7965987749830606,
        0.7828887692930082,
        0.7765162407762483,
        0.770275564364656,
        0.7508380974934187,
        0.7373710399210379,
        0.7323603539443281,
        0.7248187603702946,
        0.7190487304488278,
        0.710155737783175,
        0.7108989485869891,
        0.6912603674477199,
        0.6820383198255366,
        0.6867733687272914,
        0.6780806119716064,
        0.6636609567699975,
        0.6553044499292952,
        0.660659682747018,
        0.6440248056159473,
        0.6498685364964866,
        0.6394710176807399,
        0.6427423857493217,
        0.6341635010887872,
        0.6216020006479233,
        0.6200408419808292,
        0.6096401379820148,
        0.608087270899373,
        0.6045855149460959,
        0.5991106300404104,
        0.5994875242816209,
        0.5895099149204155,
        0.5921766670289529,
        0.5952993941911219,
        0.586650619548095,
        0.5796657083061039,
        0.5848954188440579,
        0.5858502160707127,
        0.5832869661016429,
        0.5890966006203546
    ],
    "train_acc": [
        0.6857231149567367,
        0.8170580964153276,
        0.8148949320148331,
        0.8161310259579728,
        0.8139678615574784,
        0.8164400494437577,
        0.8176761433868974,
        0.8186032138442522,
        0.8260197775030902,
        0.8201483312731768,
        0.823238566131026,
        0.8220024721878862,
        0.8226205191594561,
        0.8213844252163165,
        0.8257107540173053,
        0.8216934487021014,
        0.822929542645241,
        0.8204573547589616,
        0.8297280593325093,
        0.8303461063040791,
        0.8294190358467244,
        0.8297280593325093,
        0.8297280593325093,
        0.8263288009888752,
        0.8374536464771323,
        0.8315822002472187,
        0.830964153275649,
        0.8368355995055624,
        0.8396168108776267,
        0.8337453646477132,
        0.8371446229913473,
        0.8349814585908529,
        0.8352904820766378,
        0.8380716934487021,
        0.8368355995055624,
        0.8386897404202719,
        0.8399258343634116,
        0.8362175525339925,
        0.8495055624227441,
        0.8417799752781211,
        0.8430160692212608,
        0.8445611866501854,
        0.8408529048207664,
        0.8470333745364648,
        0.8488875154511742,
        0.84610630407911,
        0.8454882571075402,
        0.8445611866501854,
        0.8519777503090235,
        0.845797280593325,
        0.850123609394314,
        0.8433250927070457
    ],
    "val_loss": [
        1.2478515696456864,
        1.142732249900312,
        1.07751147015294,
        1.021266852916146,
        0.9776664824581971,
        0.9413212594450036,
        0.9127429929865196,
        0.8908493429508264,
        0.8748500968949595,
        0.8634157716712622,
        0.8503611622007848,
        0.8402466937169562,
        0.8358061503436448,
        0.8240682449224016,
        0.8180178255272187,
        0.8136381811813937,
        0.8091104467767116,
        0.8072721314876842,
        0.8032885481541713,
        0.8003401046012252,
        0.7975338498178751,
        0.7947219532058287,
        0.7953734470890991,
        0.7918883745883315,
        0.7906109299886467,
        0.7877895831202911,
        0.7866310103654174,
        0.7847657067116125,
        0.7866045658286092,
        0.783589936041351,
        0.7838087984567417,
        0.781836198712632,
        0.7812607935938437,
        0.7813634223999826,
        0.7808302199462649,
        0.7814778646062361,
        0.7811986951731811,
        0.781651210115004,
        0.7820549422622758,
        0.7811126439303417,
        0.7817430935091519,
        0.7807700967239029,
        0.7810441256428314,
        0.7814413770303259,
        0.7817563223907514,
        0.7815852947640488,
        0.7815405120080073,
        0.7816643862628112,
        0.7815512047720917,
        0.7816862389230591,
        0.7817341541007204,
        0.7817830560186755
    ],
    "val_acc": [
        0.8155619596541787,
        0.8206051873198847,
        0.8256484149855908,
        0.8256484149855908,
        0.8213256484149856,
        0.8256484149855908,
        0.8270893371757925,
        0.8306916426512968,
        0.829971181556196,
        0.8206051873198847,
        0.8198847262247838,
        0.8206051873198847,
        0.8112391930835735,
        0.8256484149855908,
        0.8249279538904899,
        0.8249279538904899,
        0.829250720461095,
        0.8213256484149856,
        0.8285302593659942,
        0.8220461095100865,
        0.8249279538904899,
        0.8270893371757925,
        0.8141210374639769,
        0.829250720461095,
        0.8198847262247838,
        0.8256484149855908,
        0.829250720461095,
        0.8177233429394812,
        0.8206051873198847,
        0.8306916426512968,
        0.8227665706051873,
        0.8242074927953891,
        0.8321325648414986,
        0.8112391930835735,
        0.8220461095100865,
        0.8278097982708934,
        0.8227665706051873,
        0.8263688760806917,
        0.819164265129683,
        0.8213256484149856,
        0.8162824207492796,
        0.819164265129683,
        0.8234870317002881,
        0.8213256484149856,
        0.8170028818443804,
        0.8170028818443804,
        0.8177233429394812,
        0.8198847262247838,
        0.8198847262247838,
        0.8177233429394812,
        0.8155619596541787,
        0.8162824207492796
    ],
    "learning_rate": [
        0.0001,
        0.0001,
        0.0001,
        0.0001,
        0.0001,
        0.0001,
        0.0001,
        0.0001,
        0.0001,
        0.0001,
        0.0001,
        0.0001,
        0.0001,
        0.0001,
        0.0001,
        0.0001,
        0.0001,
        0.0001,
        0.0001,
        0.0001,
        0.0001,
        0.0001,
        0.0001,
        0.0001,
        0.0001,
        0.0001,
        0.0001,
        0.0001,
        0.0001,
        0.0001,
        0.0001,
        0.0001,
        0.0001,
        0.0001,
        0.0001,
        0.0001,
        0.0001,
        0.0001,
        5e-05,
        5e-05,
        5e-05,
        5e-05,
        2.5e-05,
        2.5e-05,
        2.5e-05,
        2.5e-05,
        1.25e-05,
        1.25e-05,
        1.25e-05,
        1.25e-05,
        6.25e-06,
        6.25e-06
    ]
}