{
    "accuracy": 0.8590990990990991,
    "macro_avg_f1": 0.5579289910196762,
    "weighted_avg_f1": 0.8466700700198263,
    "confusion_matrix": [
        [
            60,
            73,
            3,
            2,
            4
        ],
        [
            18,
            2166,
            54,
            8,
            20
        ],
        [
            6,
            97,
            114,
            1,
            0
        ],
        [
            5,
            20,
            4,
            18,
            3
        ],
        [
            8,
            60,
            3,
            2,
            26
        ]
    ],
    "classification_report": {
        "Anger": {
            "precision": 0.6185567010309279,
            "recall": 0.4225352112676056,
            "f1-score": 0.502092050209205,
            "support": 142.0
        },
        "Neutral": {
            "precision": 0.8965231788079471,
            "recall": 0.9558693733451015,
            "f1-score": 0.925245621529261,
            "support": 2266.0
        },
        "Joy": {
            "precision": 0.6404494382022472,
            "recall": 0.5229357798165137,
            "f1-score": 0.5757575757575758,
            "support": 218.0
        },
        "Sadness": {
            "precision": 0.5806451612903226,
            "recall": 0.36,
            "f1-score": 0.4444444444444444,
            "support": 50.0
        },
        "Fear": {
            "precision": 0.49056603773584906,
            "recall": 0.26262626262626265,
            "f1-score": 0.34210526315789475,
            "support": 99.0
        },
        "accuracy": 0.8590990990990991,
        "macro avg": {
            "precision": 0.6453481034134587,
            "recall": 0.5047933254110967,
            "f1-score": 0.5579289910196762,
            "support": 2775.0
        },
        "weighted avg": {
            "precision": 0.8420082335328486,
            "recall": 0.8590990990990991,
            "f1-score": 0.8466700700198263,
            "support": 2775.0
        }
    }
}