{
    "accuracy": 0.8482882882882883,
    "macro_avg_f1": 0.5314702944309234,
    "weighted_avg_f1": 0.8331149089805773,
    "confusion_matrix": [
        [
            51,
            76,
            7,
            1,
            7
        ],
        [
            20,
            2161,
            61,
            9,
            15
        ],
        [
            2,
            112,
            99,
            4,
            1
        ],
        [
            4,
            23,
            3,
            18,
            2
        ],
        [
            5,
            68,
            1,
            0,
            25
        ]
    ],
    "classification_report": {
        "Anger": {
            "precision": 0.6219512195121951,
            "recall": 0.3591549295774648,
            "f1-score": 0.45535714285714285,
            "support": 142.0
        },
        "Neutral": {
            "precision": 0.885655737704918,
            "recall": 0.9536628420123566,
            "f1-score": 0.9184020399490013,
            "support": 2266.0
        },
        "Joy": {
            "precision": 0.5789473684210527,
            "recall": 0.4541284403669725,
            "f1-score": 0.5089974293059126,
            "support": 218.0
        },
        "Sadness": {
            "precision": 0.5625,
            "recall": 0.36,
            "f1-score": 0.43902439024390244,
            "support": 50.0
        },
        "Fear": {
            "precision": 0.5,
            "recall": 0.25252525252525254,
            "f1-score": 0.33557046979865773,
            "support": 99.0
        },
        "accuracy": 0.8482882882882883,
        "macro avg": {
            "precision": 0.6298108651276332,
            "recall": 0.47589429289640933,
            "f1-score": 0.5314702944309234,
            "support": 2775.0
        },
        "weighted avg": {
            "precision": 0.8284859463516633,
            "recall": 0.8482882882882883,
            "f1-score": 0.8331149089805773,
            "support": 2775.0
        }
    }
}