{
    "accuracy": 0.8306916426512968,
    "macro_avg_f1": 0.5447626048831513,
    "weighted_avg_f1": 0.8322061807401913,
    "confusion_matrix": [
        [
            41,
            22,
            3,
            2,
            3
        ],
        [
            25,
            1024,
            50,
            10,
            24
        ],
        [
            6,
            39,
            63,
            1,
            0
        ],
        [
            6,
            5,
            2,
            11,
            1
        ],
        [
            4,
            27,
            2,
            3,
            14
        ]
    ],
    "classification_report": {
        "Anger": {
            "precision": 0.5,
            "recall": 0.5774647887323944,
            "f1-score": 0.5359477124183006,
            "support": 71.0
        },
        "Neutral": {
            "precision": 0.9167412712623098,
            "recall": 0.9037952338923213,
            "f1-score": 0.9102222222222223,
            "support": 1133.0
        },
        "Joy": {
            "precision": 0.525,
            "recall": 0.5779816513761468,
            "f1-score": 0.5502183406113537,
            "support": 109.0
        },
        "Sadness": {
            "precision": 0.4074074074074074,
            "recall": 0.44,
            "f1-score": 0.4230769230769231,
            "support": 25.0
        },
        "Fear": {
            "precision": 0.3333333333333333,
            "recall": 0.28,
            "f1-score": 0.30434782608695654,
            "support": 50.0
        },
        "accuracy": 0.8306916426512968,
        "macro avg": {
            "precision": 0.5364964024006101,
            "recall": 0.5558483348001724,
            "f1-score": 0.5447626048831513,
            "support": 1388.0
        },
        "weighted avg": {
            "precision": 0.8344702537406692,
            "recall": 0.8306916426512968,
            "f1-score": 0.8322061807401913,
            "support": 1388.0
        }
    }
}