{
    "accuracy": 0.8580691642651297,
    "macro_avg_f1": 0.5267705728912989,
    "weighted_avg_f1": 0.8399259941078009,
    "confusion_matrix": [
        [
            26,
            41,
            0,
            1,
            3
        ],
        [
            13,
            1094,
            19,
            3,
            4
        ],
        [
            0,
            54,
            54,
            1,
            0
        ],
        [
            3,
            10,
            1,
            8,
            3
        ],
        [
            2,
            37,
            1,
            1,
            9
        ]
    ],
    "classification_report": {
        "Anger": {
            "precision": 0.5909090909090909,
            "recall": 0.36619718309859156,
            "f1-score": 0.45217391304347826,
            "support": 71.0
        },
        "Neutral": {
            "precision": 0.8851132686084142,
            "recall": 0.9655781112091791,
            "f1-score": 0.9235964542000844,
            "support": 1133.0
        },
        "Joy": {
            "precision": 0.72,
            "recall": 0.4954128440366973,
            "f1-score": 0.5869565217391305,
            "support": 109.0
        },
        "Sadness": {
            "precision": 0.5714285714285714,
            "recall": 0.32,
            "f1-score": 0.41025641025641024,
            "support": 25.0
        },
        "Fear": {
            "precision": 0.47368421052631576,
            "recall": 0.18,
            "f1-score": 0.2608695652173913,
            "support": 50.0
        },
        "accuracy": 0.8580691642651297,
        "macro avg": {
            "precision": 0.6482270282944784,
            "recall": 0.46543762766889357,
            "f1-score": 0.5267705728912989,
            "support": 1388.0
        },
        "weighted avg": {
            "precision": 0.836626659654113,
            "recall": 0.8580691642651297,
            "f1-score": 0.8399259941078009,
            "support": 1388.0
        }
    }
}