{
    "accuracy": 0.8778378378378379,
    "macro_avg_f1": 0.6134605938434432,
    "weighted_avg_f1": 0.8694440952670683,
    "confusion_matrix": [
        [
            71,
            58,
            3,
            6,
            4
        ],
        [
            21,
            2174,
            44,
            8,
            19
        ],
        [
            8,
            71,
            137,
            2,
            0
        ],
        [
            4,
            22,
            3,
            20,
            1
        ],
        [
            5,
            57,
            2,
            1,
            34
        ]
    ],
    "classification_report": {
        "Anger": {
            "precision": 0.6513761467889908,
            "recall": 0.5,
            "f1-score": 0.5657370517928287,
            "support": 142.0
        },
        "Neutral": {
            "precision": 0.9126784214945424,
            "recall": 0.9593998234774934,
            "f1-score": 0.9354561101549054,
            "support": 2266.0
        },
        "Joy": {
            "precision": 0.7248677248677249,
            "recall": 0.6284403669724771,
            "f1-score": 0.6732186732186732,
            "support": 218.0
        },
        "Sadness": {
            "precision": 0.5405405405405406,
            "recall": 0.4,
            "f1-score": 0.45977011494252873,
            "support": 50.0
        },
        "Fear": {
            "precision": 0.5862068965517241,
            "recall": 0.3434343434343434,
            "f1-score": 0.43312101910828027,
            "support": 99.0
        },
        "accuracy": 0.8778378378378379,
        "macro avg": {
            "precision": 0.6831339460487046,
            "recall": 0.5662549067768627,
            "f1-score": 0.6134605938434432,
            "support": 2775.0
        },
        "weighted avg": {
            "precision": 0.8662008611738672,
            "recall": 0.8778378378378379,
            "f1-score": 0.8694440952670683,
            "support": 2775.0
        }
    }
}