{
    "accuracy": 0.8796396396396396,
    "macro_avg_f1": 0.6224586051810241,
    "weighted_avg_f1": 0.8717794625850525,
    "confusion_matrix": [
        [
            76,
            55,
            3,
            5,
            3
        ],
        [
            22,
            2172,
            44,
            7,
            21
        ],
        [
            8,
            69,
            139,
            2,
            0
        ],
        [
            4,
            24,
            1,
            20,
            1
        ],
        [
            7,
            56,
            2,
            0,
            34
        ]
    ],
    "classification_report": {
        "Anger": {
            "precision": 0.6495726495726496,
            "recall": 0.5352112676056338,
            "f1-score": 0.5868725868725869,
            "support": 142.0
        },
        "Neutral": {
            "precision": 0.9141414141414141,
            "recall": 0.9585172109443955,
            "f1-score": 0.935803532959931,
            "support": 2266.0
        },
        "Joy": {
            "precision": 0.7354497354497355,
            "recall": 0.6376146788990825,
            "f1-score": 0.683046683046683,
            "support": 218.0
        },
        "Sadness": {
            "precision": 0.5882352941176471,
            "recall": 0.4,
            "f1-score": 0.47619047619047616,
            "support": 50.0
        },
        "Fear": {
            "precision": 0.576271186440678,
            "recall": 0.3434343434343434,
            "f1-score": 0.43037974683544306,
            "support": 99.0
        },
        "accuracy": 0.8796396396396396,
        "macro avg": {
            "precision": 0.6927340559444248,
            "recall": 0.5749555001766911,
            "f1-score": 0.6224586051810241,
            "support": 2775.0
        },
        "weighted avg": {
            "precision": 0.8686394288920045,
            "recall": 0.8796396396396396,
            "f1-score": 0.8717794625850525,
            "support": 2775.0
        }
    }
}