{
    "accuracy": 0.8306916426512968,
    "macro_avg_f1": 0.5293647204271393,
    "weighted_avg_f1": 0.8306092428509766,
    "confusion_matrix": [
        [
            39,
            27,
            3,
            0,
            2
        ],
        [
            26,
            1026,
            57,
            7,
            17
        ],
        [
            5,
            33,
            68,
            3,
            0
        ],
        [
            5,
            2,
            3,
            10,
            5
        ],
        [
            5,
            31,
            1,
            3,
            10
        ]
    ],
    "classification_report": {
        "Anger": {
            "precision": 0.4875,
            "recall": 0.5492957746478874,
            "f1-score": 0.5165562913907285,
            "support": 71.0
        },
        "Neutral": {
            "precision": 0.9168900804289544,
            "recall": 0.9055604589585172,
            "f1-score": 0.911190053285968,
            "support": 1133.0
        },
        "Joy": {
            "precision": 0.5151515151515151,
            "recall": 0.6238532110091743,
            "f1-score": 0.5643153526970954,
            "support": 109.0
        },
        "Sadness": {
            "precision": 0.43478260869565216,
            "recall": 0.4,
            "f1-score": 0.4166666666666667,
            "support": 25.0
        },
        "Fear": {
            "precision": 0.29411764705882354,
            "recall": 0.2,
            "f1-score": 0.23809523809523808,
            "support": 50.0
        },
        "accuracy": 0.8306916426512968,
        "macro avg": {
            "precision": 0.529688370266989,
            "recall": 0.5357418889231158,
            "f1-score": 0.5293647204271393,
            "support": 1388.0
        },
        "weighted avg": {
            "precision": 0.8322593111295771,
            "recall": 0.8306916426512968,
            "f1-score": 0.8306092428509766,
            "support": 1388.0
        }
    }
}