{
    "accuracy": 0.8314121037463977,
    "macro_avg_f1": 0.5501279605765553,
    "weighted_avg_f1": 0.8333000235581991,
    "confusion_matrix": [
        [
            39,
            25,
            2,
            2,
            3
        ],
        [
            26,
            1026,
            46,
            10,
            25
        ],
        [
            5,
            43,
            61,
            0,
            0
        ],
        [
            5,
            2,
            3,
            11,
            4
        ],
        [
            4,
            23,
            3,
            3,
            17
        ]
    ],
    "classification_report": {
        "Anger": {
            "precision": 0.4936708860759494,
            "recall": 0.5492957746478874,
            "f1-score": 0.52,
            "support": 71.0
        },
        "Neutral": {
            "precision": 0.9168900804289544,
            "recall": 0.9055604589585172,
            "f1-score": 0.911190053285968,
            "support": 1133.0
        },
        "Joy": {
            "precision": 0.5304347826086957,
            "recall": 0.5596330275229358,
            "f1-score": 0.5446428571428571,
            "support": 109.0
        },
        "Sadness": {
            "precision": 0.4230769230769231,
            "recall": 0.44,
            "f1-score": 0.43137254901960786,
            "support": 25.0
        },
        "Fear": {
            "precision": 0.3469387755102041,
            "recall": 0.34,
            "f1-score": 0.3434343434343434,
            "support": 50.0
        },
        "accuracy": 0.8314121037463977,
        "macro avg": {
            "precision": 0.5422022895401454,
            "recall": 0.5588978522258681,
            "f1-score": 0.5501279605765553,
            "support": 1388.0
        },
        "weighted avg": {
            "precision": 0.8354671089295236,
            "recall": 0.8314121037463977,
            "f1-score": 0.8333000235581991,
            "support": 1388.0
        }
    }
}