{
    "accuracy": 0.8288288288288288,
    "macro_avg_f1": 0.5346088007638099,
    "weighted_avg_f1": 0.8317472485024692,
    "confusion_matrix": [
        [
            66,
            62,
            9,
            2,
            3
        ],
        [
            64,
            2037,
            92,
            25,
            48
        ],
        [
            9,
            60,
            146,
            1,
            2
        ],
        [
            7,
            9,
            7,
            20,
            7
        ],
        [
            9,
            47,
            5,
            7,
            31
        ]
    ],
    "classification_report": {
        "Anger": {
            "precision": 0.4258064516129032,
            "recall": 0.4647887323943662,
            "f1-score": 0.4444444444444444,
            "support": 142.0
        },
        "Neutral": {
            "precision": 0.9196388261851016,
            "recall": 0.8989408649602825,
            "f1-score": 0.9091720598080786,
            "support": 2266.0
        },
        "Joy": {
            "precision": 0.5637065637065637,
            "recall": 0.6697247706422018,
            "f1-score": 0.6121593291404612,
            "support": 218.0
        },
        "Sadness": {
            "precision": 0.36363636363636365,
            "recall": 0.4,
            "f1-score": 0.38095238095238093,
            "support": 50.0
        },
        "Fear": {
            "precision": 0.34065934065934067,
            "recall": 0.31313131313131315,
            "f1-score": 0.3263157894736842,
            "support": 99.0
        },
        "accuracy": 0.8288288288288288,
        "macro avg": {
            "precision": 0.5226895091600545,
            "recall": 0.5493171362256327,
            "f1-score": 0.5346088007638099,
            "support": 2775.0
        },
        "weighted avg": {
            "precision": 0.835733772994449,
            "recall": 0.8288288288288288,
            "f1-score": 0.8317472485024692,
            "support": 2775.0
        }
    }
}