{
    "accuracy": 0.8580691642651297,
    "macro_avg_f1": 0.5420759999675103,
    "weighted_avg_f1": 0.8426456331633979,
    "confusion_matrix": [
        [
            29,
            39,
            2,
            1,
            0
        ],
        [
            14,
            1090,
            19,
            2,
            8
        ],
        [
            3,
            53,
            52,
            1,
            0
        ],
        [
            5,
            9,
            0,
            8,
            3
        ],
        [
            2,
            34,
            1,
            1,
            12
        ]
    ],
    "classification_report": {
        "Anger": {
            "precision": 0.5471698113207547,
            "recall": 0.4084507042253521,
            "f1-score": 0.46774193548387094,
            "support": 71.0
        },
        "Neutral": {
            "precision": 0.889795918367347,
            "recall": 0.9620476610767873,
            "f1-score": 0.9245122985581001,
            "support": 1133.0
        },
        "Joy": {
            "precision": 0.7027027027027027,
            "recall": 0.47706422018348627,
            "f1-score": 0.5683060109289617,
            "support": 109.0
        },
        "Sadness": {
            "precision": 0.6153846153846154,
            "recall": 0.32,
            "f1-score": 0.42105263157894735,
            "support": 25.0
        },
        "Fear": {
            "precision": 0.5217391304347826,
            "recall": 0.24,
            "f1-score": 0.3287671232876712,
            "support": 50.0
        },
        "accuracy": 0.8580691642651297,
        "macro avg": {
            "precision": 0.6553584356420405,
            "recall": 0.48151251709712517,
            "f1-score": 0.5420759999675103,
            "support": 1388.0
        },
        "weighted avg": {
            "precision": 0.8393760796937514,
            "recall": 0.8580691642651297,
            "f1-score": 0.8426456331633979,
            "support": 1388.0
        }
    }
}