{
    "accuracy": 0.8451008645533141,
    "macro_avg_f1": 0.44355501848784834,
    "weighted_avg_f1": 0.819043390505197,
    "confusion_matrix": [
        [
            24,
            44,
            2,
            0,
            1
        ],
        [
            14,
            1097,
            21,
            0,
            1
        ],
        [
            3,
            62,
            44,
            0,
            0
        ],
        [
            5,
            9,
            2,
            4,
            5
        ],
        [
            3,
            42,
            1,
            0,
            4
        ]
    ],
    "classification_report": {
        "Anger": {
            "precision": 0.4897959183673469,
            "recall": 0.3380281690140845,
            "f1-score": 0.4,
            "support": 71.0
        },
        "Neutral": {
            "precision": 0.8748006379585327,
            "recall": 0.9682259488084731,
            "f1-score": 0.919145370758274,
            "support": 1133.0
        },
        "Joy": {
            "precision": 0.6285714285714286,
            "recall": 0.4036697247706422,
            "f1-score": 0.49162011173184356,
            "support": 109.0
        },
        "Sadness": {
            "precision": 1.0,
            "recall": 0.16,
            "f1-score": 0.27586206896551724,
            "support": 25.0
        },
        "Fear": {
            "precision": 0.36363636363636365,
            "recall": 0.08,
            "f1-score": 0.13114754098360656,
            "support": 50.0
        },
        "accuracy": 0.8451008645533141,
        "macro avg": {
            "precision": 0.6713608697067344,
            "recall": 0.38998476851863995,
            "f1-score": 0.44355501848784834,
            "support": 1388.0
        },
        "weighted avg": {
            "precision": 0.819611481921616,
            "recall": 0.8451008645533141,
            "f1-score": 0.819043390505197,
            "support": 1388.0
        }
    }
}