{
    "accuracy": 0.863063063063063,
    "macro_avg_f1": 0.5304682327969276,
    "weighted_avg_f1": 0.8449335776005582,
    "confusion_matrix": [
        [
            63,
            75,
            1,
            1,
            2
        ],
        [
            15,
            2196,
            45,
            2,
            8
        ],
        [
            6,
            105,
            106,
            1,
            0
        ],
        [
            6,
            21,
            2,
            13,
            8
        ],
        [
            7,
            71,
            2,
            2,
            17
        ]
    ],
    "classification_report": {
        "Anger": {
            "precision": 0.6494845360824743,
            "recall": 0.44366197183098594,
            "f1-score": 0.5271966527196653,
            "support": 142.0
        },
        "Neutral": {
            "precision": 0.8897893030794165,
            "recall": 0.9691085613415711,
            "f1-score": 0.9277566539923955,
            "support": 2266.0
        },
        "Joy": {
            "precision": 0.6794871794871795,
            "recall": 0.48623853211009177,
            "f1-score": 0.5668449197860963,
            "support": 218.0
        },
        "Sadness": {
            "precision": 0.6842105263157895,
            "recall": 0.26,
            "f1-score": 0.37681159420289856,
            "support": 50.0
        },
        "Fear": {
            "precision": 0.4857142857142857,
            "recall": 0.1717171717171717,
            "f1-score": 0.2537313432835821,
            "support": 99.0
        },
        "accuracy": 0.863063063063063,
        "macro avg": {
            "precision": 0.6777371661358291,
            "recall": 0.4661452473999641,
            "f1-score": 0.5304682327969276,
            "support": 2775.0
        },
        "weighted avg": {
            "precision": 0.842851823650947,
            "recall": 0.863063063063063,
            "f1-score": 0.8449335776005582,
            "support": 2775.0
        }
    }
}