{
    "accuracy": 0.803314121037464,
    "macro_avg_f1": 0.4930770547428217,
    "weighted_avg_f1": 0.8090559146946841,
    "confusion_matrix": [
        [
            36,
            29,
            3,
            1,
            2
        ],
        [
            37,
            996,
            63,
            14,
            23
        ],
        [
            9,
            38,
            61,
            1,
            0
        ],
        [
            3,
            3,
            3,
            9,
            7
        ],
        [
            6,
            27,
            2,
            2,
            13
        ]
    ],
    "classification_report": {
        "Anger": {
            "precision": 0.3956043956043956,
            "recall": 0.5070422535211268,
            "f1-score": 0.4444444444444444,
            "support": 71.0
        },
        "Neutral": {
            "precision": 0.9112534309240622,
            "recall": 0.8790820829655781,
            "f1-score": 0.894878706199461,
            "support": 1133.0
        },
        "Joy": {
            "precision": 0.4621212121212121,
            "recall": 0.5596330275229358,
            "f1-score": 0.5062240663900415,
            "support": 109.0
        },
        "Sadness": {
            "precision": 0.3333333333333333,
            "recall": 0.36,
            "f1-score": 0.34615384615384615,
            "support": 25.0
        },
        "Fear": {
            "precision": 0.28888888888888886,
            "recall": 0.26,
            "f1-score": 0.2736842105263158,
            "support": 50.0
        },
        "accuracy": 0.803314121037464,
        "macro avg": {
            "precision": 0.47824025217437843,
            "recall": 0.5131514728019282,
            "f1-score": 0.4930770547428217,
            "support": 1388.0
        },
        "weighted avg": {
            "precision": 0.8167774057808821,
            "recall": 0.803314121037464,
            "f1-score": 0.8090559146946841,
            "support": 1388.0
        }
    }
}