{
    "train_loss": [
        1.3635499138472549,
        0.8383313479323322,
        0.7148136293195528,
        0.6863224472486781,
        0.6602662297792281,
        0.6371922658754073,
        0.6180875509314249,
        0.6004023019256639,
        0.5829992892936664,
        0.5706477465824085,
        0.5585606251423085,
        0.5477801651609843,
        0.5376620492328082,
        0.5292817399145204,
        0.5198188723791367,
        0.5137984852118899,
        0.5109608412636225,
        0.5018137079676238,
        0.4967725982495822,
        0.4890637740732271,
        0.4833553488491787,
        0.4766227621101626,
        0.4756374537981632,
        0.46718666080859744,
        0.4638332712598725,
        0.4612246283936707,
        0.4574680227800117,
        0.45595125687321275,
        0.450026174852963,
        0.4447612979245569,
        0.44026827204360064,
        0.43525358618263554,
        0.4330668752582465,
        0.4314594407495668,
        0.4263694240666733,
        0.4222417228264626,
        0.4230553351978142,
        0.41727482996263965,
        0.41552014993354036,
        0.40936041290886765,
        0.4109685550569309,
        0.4055739661819118,
        0.4026334282604814,
        0.4011134257349007,
        0.39741550107821544,
        0.39581353009226,
        0.39372976218224753,
        0.39109456104460105,
        0.3900943187575405,
        0.38620871355197633,
        0.3806149855311338,
        0.3805658520925767,
        0.37982285936329657,
        0.3760860523275745,
        0.37422187140094043,
        0.3718197685015953,
        0.3692149861044583,
        0.36897856859105777,
        0.3622296289143663,
        0.3649627806984892,
        0.3597149939560625,
        0.35747832423640125,
        0.35992581149556285,
        0.36254785945742624,
        0.35852862197367014,
        0.36009341566760106,
        0.356602302956198,
        0.3561429677920229
    ],
    "train_acc": [
        0.6965389369592089,
        0.8164400494437577,
        0.8164400494437577,
        0.8164400494437577,
        0.8170580964153276,
        0.8179851668726823,
        0.8198393077873919,
        0.8210754017305315,
        0.8223114956736712,
        0.8247836835599506,
        0.8291100123609394,
        0.8300370828182941,
        0.8318912237330037,
        0.8349814585908529,
        0.8371446229913473,
        0.838380716934487,
        0.8405438813349815,
        0.8411619283065513,
        0.8414709517923362,
        0.8433250927070457,
        0.8439431396786156,
        0.8445611866501854,
        0.84610630407911,
        0.8476514215080346,
        0.8479604449938195,
        0.8510506798516687,
        0.8491965389369592,
        0.8510506798516687,
        0.8513597033374537,
        0.853522867737948,
        0.8556860321384425,
        0.8581582200247219,
        0.8553770086526576,
        0.8566131025957973,
        0.8581582200247219,
        0.8593943139678616,
        0.857849196538937,
        0.8600123609394313,
        0.8600123609394313,
        0.8627935723114957,
        0.8640296662546354,
        0.8643386897404203,
        0.8658838071693449,
        0.8631025957972805,
        0.8634116192830655,
        0.8643386897404203,
        0.8686650185414091,
        0.8643386897404203,
        0.865265760197775,
        0.8699011124845488,
        0.869592088998764,
        0.8683559950556242,
        0.872991347342398,
        0.8717552533992583,
        0.8705191594561187,
        0.8726823238566132,
        0.8739184177997528,
        0.8745364647713226,
        0.8766996291718171,
        0.8745364647713226,
        0.8773176761433868,
        0.8745364647713226,
        0.8751545117428925,
        0.8723733003708282,
        0.8720642768850433,
        0.8760815822002472,
        0.8733003708281829,
        0.8751545117428925
    ],
    "val_loss": [
        1.018095112499655,
        0.7252733963367232,
        0.681182401152784,
        0.6539897509885453,
        0.6300217275660732,
        0.6093638799547806,
        0.5919598536807453,
        0.5768621794943851,
        0.564399848839735,
        0.5536070106180669,
        0.5437298498682742,
        0.53553156464519,
        0.527875804763706,
        0.5216802196303431,
        0.515881580818627,
        0.5109682181898386,
        0.5065266405814662,
        0.5023699863585683,
        0.4989466887471999,
        0.49597507740990915,
        0.49240795245947,
        0.4901196738914385,
        0.4879422924704098,
        0.48559956819420247,
        0.48355417121040717,
        0.4812875296008003,
        0.47984712401281515,
        0.47786351329826826,
        0.47685330801291836,
        0.4754825033440714,
        0.4738443634266125,
        0.4728017147920317,
        0.4719751572145165,
        0.47140245964101135,
        0.4696882690923015,
        0.468985790349221,
        0.4688343857911547,
        0.4671694548741541,
        0.46670334444781203,
        0.46658355710485827,
        0.46616997352938144,
        0.4649585630175703,
        0.4640837732584401,
        0.4646170631866977,
        0.4636077655838958,
        0.4629234709811829,
        0.46261284356502014,
        0.4626147212831019,
        0.46283005607402977,
        0.4628184630565066,
        0.46155925773578005,
        0.4615485186793275,
        0.4615283019260989,
        0.4607457254908614,
        0.46098376368239563,
        0.4614113505060116,
        0.4609752698487438,
        0.460744706650804,
        0.46154952055696796,
        0.46133419804768877,
        0.46205020592861973,
        0.46155871195391207,
        0.4613876894803487,
        0.4613809852890391,
        0.46125435715364105,
        0.4612200900010485,
        0.46122538287632747,
        0.461276460685888
    ],
    "val_acc": [
        0.8162824207492796,
        0.8162824207492796,
        0.8162824207492796,
        0.8162824207492796,
        0.8170028818443804,
        0.819164265129683,
        0.8227665706051873,
        0.8263688760806917,
        0.829250720461095,
        0.829250720461095,
        0.8335734870317003,
        0.8328530259365994,
        0.8342939481268011,
        0.8364553314121037,
        0.8371757925072046,
        0.8443804034582133,
        0.8443804034582133,
        0.8472622478386167,
        0.8479827089337176,
        0.8451008645533141,
        0.8451008645533141,
        0.8487031700288185,
        0.8472622478386167,
        0.8479827089337176,
        0.8465417867435159,
        0.8472622478386167,
        0.8465417867435159,
        0.8465417867435159,
        0.8472622478386167,
        0.8451008645533141,
        0.8479827089337176,
        0.8501440922190202,
        0.8479827089337176,
        0.8479827089337176,
        0.8501440922190202,
        0.8515850144092219,
        0.8487031700288185,
        0.8494236311239193,
        0.8501440922190202,
        0.850864553314121,
        0.850864553314121,
        0.8501440922190202,
        0.8515850144092219,
        0.8515850144092219,
        0.8494236311239193,
        0.8515850144092219,
        0.850864553314121,
        0.8515850144092219,
        0.850864553314121,
        0.8494236311239193,
        0.8530259365994236,
        0.8551873198847262,
        0.8530259365994236,
        0.8537463976945245,
        0.8551873198847262,
        0.8530259365994236,
        0.8537463976945245,
        0.8559077809798271,
        0.8537463976945245,
        0.8544668587896254,
        0.8530259365994236,
        0.8537463976945245,
        0.8544668587896254,
        0.8551873198847262,
        0.8544668587896254,
        0.8551873198847262,
        0.8551873198847262,
        0.8551873198847262
    ],