{
    "accuracy": 0.8530259365994236,
    "macro_avg_f1": 0.45020768157870095,
    "weighted_avg_f1": 0.8284509100519607,
    "confusion_matrix": [
        [
            36,
            33,
            2,
            0,
            0
        ],
        [
            14,
            1096,
            20,
            0,
            3
        ],
        [
            2,
            61,
            46,
            0,
            0
        ],
        [
            8,
            11,
            2,
            2,
            2
        ],
        [
            2,
            41,
            2,
            1,
            4
        ]
    ],
    "classification_report": {
        "Anger": {
            "precision": 0.5806451612903226,
            "recall": 0.5070422535211268,
            "f1-score": 0.5413533834586466,
            "support": 71.0
        },
        "Neutral": {
            "precision": 0.8824476650563607,
            "recall": 0.9673433362753752,
            "f1-score": 0.9229473684210526,
            "support": 1133.0
        },
        "Joy": {
            "precision": 0.6388888888888888,
            "recall": 0.42201834862385323,
            "f1-score": 0.5082872928176796,
            "support": 109.0
        },
        "Sadness": {
            "precision": 0.6666666666666666,
            "recall": 0.08,
            "f1-score": 0.14285714285714285,
            "support": 25.0
        },
        "Fear": {
            "precision": 0.4444444444444444,
            "recall": 0.08,
            "f1-score": 0.13559322033898305,
            "support": 50.0
        },
        "accuracy": 0.8530259365994236,
        "macro avg": {
            "precision": 0.6426185652693366,
            "recall": 0.41128078768407106,
            "f1-score": 0.45020768157870095,
            "support": 1388.0
        },
        "weighted avg": {
            "precision": 0.8282181475059419,
            "recall": 0.8530259365994236,
            "f1-score": 0.8284509100519607,
            "support": 1388.0
        }
    }
}