{
    "accuracy": 0.8422190201729106,
    "macro_avg_f1": 0.41294786297079283,
    "weighted_avg_f1": 0.8171998533056001,
    "confusion_matrix": [
        [
            27,
            40,
            3,
            0,
            1
        ],
        [
            13,
            1091,
            26,
            0,
            3
        ],
        [
            4,
            60,
            45,
            0,
            0
        ],
        [
            7,
            10,
            2,
            1,
            5
        ],
        [
            4,
            40,
            1,
            0,
            5
        ]
    ],
    "classification_report": {
        "Anger": {
            "precision": 0.4909090909090909,
            "recall": 0.38028169014084506,
            "f1-score": 0.42857142857142855,
            "support": 71.0
        },
        "Neutral": {
            "precision": 0.879129734085415,
            "recall": 0.9629302736098853,
            "f1-score": 0.9191238416175231,
            "support": 1133.0
        },
        "Joy": {
            "precision": 0.5844155844155844,
            "recall": 0.41284403669724773,
            "f1-score": 0.4838709677419355,
            "support": 109.0
        },
        "Sadness": {
            "precision": 1.0,
            "recall": 0.04,
            "f1-score": 0.07692307692307693,
            "support": 25.0
        },
        "Fear": {
            "precision": 0.35714285714285715,
            "recall": 0.1,
            "f1-score": 0.15625,
            "support": 50.0
        },
        "accuracy": 0.8422190201729106,
        "macro avg": {
            "precision": 0.6623194533105895,
            "recall": 0.37921120008959563,
            "f1-score": 0.41294786297079283,
            "support": 1388.0
        },
        "weighted avg": {
            "precision": 0.8195007029767739,
            "recall": 0.8422190201729106,
            "f1-score": 0.8171998533056001,
            "support": 1388.0
        }
    }
}