{
    "accuracy": 0.803963963963964,
    "macro_avg_f1": 0.5196756546746863,
    "weighted_avg_f1": 0.812458173213554,
    "confusion_matrix": [
        [
            68,
            55,
            6,
            3,
            10
        ],
        [
            80,
            1974,
            113,
            30,
            69
        ],
        [
            8,
            71,
            131,
            6,
            2
        ],
        [
            7,
            10,
            4,
            24,
            5
        ],
        [
            6,
            49,
            6,
            4,
            34
        ]
    ],
    "classification_report": {
        "Anger": {
            "precision": 0.40236686390532544,
            "recall": 0.4788732394366197,
            "f1-score": 0.43729903536977494,
            "support": 142.0
        },
        "Neutral": {
            "precision": 0.9143121815655396,
            "recall": 0.8711385701676964,
            "f1-score": 0.8922033898305085,
            "support": 2266.0
        },
        "Joy": {
            "precision": 0.5038461538461538,
            "recall": 0.6009174311926605,
            "f1-score": 0.5481171548117155,
            "support": 218.0
        },
        "Sadness": {
            "precision": 0.3582089552238806,
            "recall": 0.48,
            "f1-score": 0.41025641025641024,
            "support": 50.0
        },
        "Fear": {
            "precision": 0.2833333333333333,
            "recall": 0.3434343434343434,
            "f1-score": 0.3105022831050228,
            "support": 99.0
        },
        "accuracy": 0.803963963963964,
        "macro avg": {
            "precision": 0.49241349757484654,
            "recall": 0.5548727168462639,
            "f1-score": 0.5196756546746863,
            "support": 2775.0
        },
        "weighted avg": {
            "precision": 0.8233392459105314,
            "recall": 0.803963963963964,
            "f1-score": 0.812458173213554,
            "support": 2775.0
        }
    }
}