{
    "accuracy": 0.8605405405405405,
    "macro_avg_f1": 0.5783444852312203,
    "weighted_avg_f1": 0.8504629074124906,
    "confusion_matrix": [
        [
            59,
            71,
            3,
            3,
            6
        ],
        [
            24,
            2157,
            58,
            8,
            19
        ],
        [
            5,
            92,
            119,
            2,
            0
        ],
        [
            4,
            19,
            4,
            20,
            3
        ],
        [
            7,
            55,
            3,
            1,
            33
        ]
    ],
    "classification_report": {
        "Anger": {
            "precision": 0.5959595959595959,
            "recall": 0.4154929577464789,
            "f1-score": 0.4896265560165975,
            "support": 142.0
        },
        "Neutral": {
            "precision": 0.9010025062656641,
            "recall": 0.9518976169461606,
            "f1-score": 0.9257510729613734,
            "support": 2266.0
        },
        "Joy": {
            "precision": 0.6363636363636364,
            "recall": 0.5458715596330275,
            "f1-score": 0.5876543209876544,
            "support": 218.0
        },
        "Sadness": {
            "precision": 0.5882352941176471,
            "recall": 0.4,
            "f1-score": 0.47619047619047616,
            "support": 50.0
        },
        "Fear": {
            "precision": 0.5409836065573771,
            "recall": 0.3333333333333333,
            "f1-score": 0.4125,
            "support": 99.0
        },
        "accuracy": 0.8605405405405405,
        "macro avg": {
            "precision": 0.6525089278527841,
            "recall": 0.5293190935318001,
            "f1-score": 0.5783444852312203,
            "support": 2775.0
        },
        "weighted avg": {
            "precision": 0.8461240923627361,
            "recall": 0.8605405405405405,
            "f1-score": 0.8504629074124906,
            "support": 2775.0
        }
    }
}