{
    "accuracy": 0.7773775216138329,
    "macro_avg_f1": 0.4842187669951489,
    "weighted_avg_f1": 0.7897773019554024,
    "confusion_matrix": [
        [
            29,
            31,
            5,
            5,
            1
        ],
        [
            44,
            962,
            77,
            18,
            32
        ],
        [
            7,
            39,
            57,
            6,
            0
        ],
        [
            3,
            2,
            2,
            17,
            1
        ],
        [
            6,
            22,
            2,
            6,
            14
        ]
    ],
    "classification_report": {
        "Anger": {
            "precision": 0.3258426966292135,
            "recall": 0.4084507042253521,
            "f1-score": 0.3625,
            "support": 71.0
        },
        "Neutral": {
            "precision": 0.9109848484848485,
            "recall": 0.8490732568402471,
            "f1-score": 0.8789401553220648,
            "support": 1133.0
        },
        "Joy": {
            "precision": 0.3986013986013986,
            "recall": 0.5229357798165137,
            "f1-score": 0.4523809523809524,
            "support": 109.0
        },
        "Sadness": {
            "precision": 0.3269230769230769,
            "recall": 0.68,
            "f1-score": 0.44155844155844154,
            "support": 25.0
        },
        "Fear": {
            "precision": 0.2916666666666667,
            "recall": 0.28,
            "f1-score": 0.2857142857142857,
            "support": 50.0
        },
        "accuracy": 0.7773775216138329,
        "macro avg": {
            "precision": 0.45080373746104085,
            "recall": 0.5480919481764227,
            "f1-score": 0.4842187669951489,
            "support": 1388.0
        },
        "weighted avg": {
            "precision": 0.8079860428659726,
            "recall": 0.7773775216138329,
            "f1-score": 0.7897773019554024,
            "support": 1388.0
        }
    }
}