{
    "train_loss": [
        1.5641004709142394,
        1.3840451977308954,
        1.2930920894714752,
        1.2402861091792952,
        1.2120550820795066,
        1.1871386009034768,
        1.1674424694259322,
        1.1284029225925876,
        1.0993604925271165,
        1.0761513158918459,
        1.0537598651036049,
        1.0286289762949619,
        1.0071536863984814,
        0.9920296309462878,
        0.9697739224056673,
        0.9609015393168728,
        0.9361670816637235,
        0.9207571463841295,
        0.9081013939436641,
        0.8946132686435808,
        0.877004896607181,
        0.8615535802687938,
        0.8548298940080942,
        0.8422900113393409,
        0.8344626989588602,
        0.8283554753944812,
        0.812756687071179,
        0.8023552253602904,
        0.7924484410893048,
        0.7860244686803948,
        0.7813521392265858,
        0.7718815012605877,
        0.7704734098999698,
        0.7545773702660951,
        0.7517046175427431,
        0.7354573429146567,
        0.7357027734018522,
        0.7261297091270701,
        0.7257617790118431,
        0.7128158264755466,
        0.7063833379885469,
        0.7017419900749758,
        0.6885133023167718,
        0.6817139093159745,
        0.6826817070597918,
        0.6776332181817374,
        0.6651850238129294,
        0.6558586230826171,
        0.6629343453348051,
        0.6519642788341226,
        0.6425667117051642,
        0.6390258167929054,
        0.6438323730886056,
        0.6303298143009173,
        0.6227113852100113,
        0.6170793142726896,
        0.6210840749007515,
        0.61265476642934,
        0.6089051391639285,
        0.5972094155286239,
        0.6033762995848991,
        0.5954915332079523,
        0.5891764134500171,
        0.5840165453360903,
        0.5849925449811042,
        0.5661998034186652,
        0.5643138157201492,
        0.5674743607769202,
        0.5688085025556303,
        0.5662185759346918,
        0.5598834496640747
    ],
    "train_acc": [
        0.5324474660074165,
        0.8148949320148331,
        0.8164400494437577,
        0.8164400494437577,
        0.8164400494437577,
        0.8161310259579728,
        0.8173671199011124,
        0.8198393077873919,
        0.8210754017305315,
        0.8250927070457355,
        0.8281829419035847,
        0.8297280593325093,
        0.8315822002472187,
        0.8318912237330037,
        0.8284919653893696,
        0.8331273176761433,
        0.8334363411619283,
        0.8371446229913473,
        0.8365265760197775,
        0.8352904820766378,
        0.8352904820766378,
        0.8315822002472187,
        0.8343634116192831,
        0.8371446229913473,
        0.838380716934487,
        0.834672435105068,
        0.8374536464771323,
        0.8377626699629172,
        0.8408529048207664,
        0.8402348578491965,
        0.8331273176761433,
        0.8368355995055624,
        0.8362175525339925,
        0.8368355995055624,
        0.8420889987639061,
        0.8393077873918418,
        0.8396168108776267,
        0.8454882571075402,
        0.8411619283065513,
        0.845797280593325,
        0.84610630407911,
        0.8430160692212608,
        0.8451792336217553,
        0.8467243510506799,
        0.838380716934487,
        0.8529048207663782,
        0.8529048207663782,
        0.8504326328800988,
        0.8488875154511742,
        0.8439431396786156,
        0.8516687268232386,
        0.8436341161928307,
        0.8491965389369592,
        0.853522867737948,
        0.8541409147095179,
        0.8513597033374537,
        0.8522867737948084,
        0.8522867737948084,
        0.8504326328800988,
        0.8522867737948084,
        0.8590852904820766,
        0.8544499381953028,
        0.8525957972805933,
        0.8504326328800988,
        0.8529048207663782,
        0.8606304079110012,
        0.8609394313967862,
        0.8612484548825711,
        0.8640296662546354,
        0.8553770086526576,
        0.8643386897404203
    ],
    "val_loss": [
        1.4660212605418663,
        1.3108083421970993,
        1.253679571302892,
        1.2184797181863263,
        1.1867482607234108,
        1.1564627452954779,
        1.1275057163980577,
        1.10082166906049,
        1.074820383996716,
        1.0515785498990107,
        1.0312751105608102,
        1.010944349793261,
        0.9924084717670847,
        0.9764006378327735,
        0.9612268755690165,
        0.9472307646996007,
        0.9353068917560302,
        0.9240524268974832,
        0.9141903038670762,
        0.9049122472661373,
        0.8964979806619694,
        0.8885215328474897,
        0.8813460744080007,
        0.8750120712288518,
        0.8692210377636835,
        0.8634858219012059,
        0.8583649598727652,
        0.8540141261276663,
        0.8496608789956536,
        0.8453998553649836,
        0.8412427024470283,
        0.8379287111656123,
        0.8353489316162527,
        0.8326752013191366,
        0.8290011763400922,
        0.8274797524945536,
        0.8246566571660275,
        0.8219265468869498,
        0.819616590178322,
        0.818371812445286,
        0.8159775774314012,
        0.8144853848545284,
        0.8144564834726646,
        0.811729945865076,
        0.8118597640943115,
        0.8112599106790009,
        0.808682996790416,
        0.80865852702248,
        0.8065014566571294,
        0.8054461053194162,
        0.8044964301826631,
        0.804463858820863,
        0.8047275457327235,
        0.803709540741588,
        0.8041900835222745,
        0.8030736391413796,
        0.802081902363802,
        0.8016943890354475,
        0.8030446336661017,
        0.8025508143372769,
        0.8004898006359507,
        0.8008516393065109,
        0.8016202132880516,
        0.801529725364031,
        0.8021231820157351,
        0.8024494782820215,
        0.8015434298803895,
        0.8014110294989275,
        0.8018843988520268,
        0.8022087214659546,
        0.8021927305016806
    ],