{
    "accuracy": 0.8566282420749279,
    "macro_avg_f1": 0.4932073876327152,
    "weighted_avg_f1": 0.8322528291560832,
    "confusion_matrix": [
        [
            20,
            47,
            3,
            1,
            0
        ],
        [
            2,
            1104,
            21,
            0,
            6
        ],
        [
            4,
            53,
            52,
            0,
            0
        ],
        [
            1,
            16,
            0,
            6,
            2
        ],
        [
            3,
            38,
            2,
            0,
            7
        ]
    ],
    "classification_report": {
        "Anger": {
            "precision": 0.6666666666666666,
            "recall": 0.28169014084507044,
            "f1-score": 0.39603960396039606,
            "support": 71.0
        },
        "Neutral": {
            "precision": 0.8775834658187599,
            "recall": 0.9744042365401588,
            "f1-score": 0.9234629861982434,
            "support": 1133.0
        },
        "Joy": {
            "precision": 0.6666666666666666,
            "recall": 0.47706422018348627,
            "f1-score": 0.5561497326203209,
            "support": 109.0
        },
        "Sadness": {
            "precision": 0.8571428571428571,
            "recall": 0.24,
            "f1-score": 0.375,
            "support": 25.0
        },
        "Fear": {
            "precision": 0.4666666666666667,
            "recall": 0.14,
            "f1-score": 0.2153846153846154,
            "support": 50.0
        },
        "accuracy": 0.8566282420749279,
        "macro avg": {
            "precision": 0.7069452645923234,
            "recall": 0.4226317195137431,
            "f1-score": 0.4932073876327152,
            "support": 1388.0
        },
        "weighted avg": {
            "precision": 0.8350604982237462,
            "recall": 0.8566282420749279,
            "f1-score": 0.8322528291560832,
            "support": 1388.0
        }
    }
}