{
    "accuracy": 0.819164265129683,
    "macro_avg_f1": 0.536370332263992,
    "weighted_avg_f1": 0.8274764615387811,
    "confusion_matrix": [
        [
            38,
            24,
            2,
            4,
            3
        ],
        [
            36,
            1000,
            64,
            12,
            21
        ],
        [
            7,
            29,
            69,
            3,
            1
        ],
        [
            4,
            3,
            3,
            10,
            5
        ],
        [
            6,
            20,
            1,
            3,
            20
        ]
    ],
    "classification_report": {
        "Anger": {
            "precision": 0.4175824175824176,
            "recall": 0.5352112676056338,
            "f1-score": 0.4691358024691358,
            "support": 71.0
        },
        "Neutral": {
            "precision": 0.929368029739777,
            "recall": 0.8826125330979699,
            "f1-score": 0.9053870529651425,
            "support": 1133.0
        },
        "Joy": {
            "precision": 0.49640287769784175,
            "recall": 0.6330275229357798,
            "f1-score": 0.5564516129032258,
            "support": 109.0
        },
        "Sadness": {
            "precision": 0.3125,
            "recall": 0.4,
            "f1-score": 0.3508771929824561,
            "support": 25.0
        },
        "Fear": {
            "precision": 0.4,
            "recall": 0.4,
            "f1-score": 0.4,
            "support": 50.0
        },
        "accuracy": 0.819164265129683,
        "macro avg": {
            "precision": 0.5111706650040072,
            "recall": 0.5701702647278767,
            "f1-score": 0.536370332263992,
            "support": 1388.0
        },
        "weighted avg": {
            "precision": 0.8390077399226109,
            "recall": 0.819164265129683,
            "f1-score": 0.8274764615387811,
            "support": 1388.0
        }
    }
}