{
    "accuracy": 0.8040345821325648,
    "macro_avg_f1": 0.5088720172201457,
    "weighted_avg_f1": 0.8117593731580408,
    "confusion_matrix": [
        [
            34,
            26,
            4,
            4,
            3
        ],
        [
            25,
            992,
            70,
            21,
            25
        ],
        [
            11,
            35,
            63,
            0,
            0
        ],
        [
            4,
            2,
            2,
            14,
            3
        ],
        [
            5,
            25,
            4,
            3,
            13
        ]
    ],
    "classification_report": {
        "Anger": {
            "precision": 0.43037974683544306,
            "recall": 0.4788732394366197,
            "f1-score": 0.4533333333333333,
            "support": 71.0
        },
        "Neutral": {
            "precision": 0.9185185185185185,
            "recall": 0.8755516328331863,
            "f1-score": 0.8965205603253502,
            "support": 1133.0
        },
        "Joy": {
            "precision": 0.4405594405594406,
            "recall": 0.5779816513761468,
            "f1-score": 0.5,
            "support": 109.0
        },
        "Sadness": {
            "precision": 0.3333333333333333,
            "recall": 0.56,
            "f1-score": 0.417910447761194,
            "support": 25.0
        },
        "Fear": {
            "precision": 0.29545454545454547,
            "recall": 0.26,
            "f1-score": 0.2765957446808511,
            "support": 50.0
        },
        "accuracy": 0.8040345821325648,
        "macro avg": {
            "precision": 0.4836491169402562,
            "recall": 0.5504813047291905,
            "f1-score": 0.5088720172201457,
            "support": 1388.0
        },
        "weighted avg": {
            "precision": 0.8230298869840327,
            "recall": 0.8040345821325648,
            "f1-score": 0.8117593731580408,
            "support": 1388.0
        }
    }
}