{
    "accuracy": 0.8111711711711712,
    "macro_avg_f1": 0.5541746855770746,
    "weighted_avg_f1": 0.8227154992201611,
    "confusion_matrix": [
        [
            77,
            37,
            11,
            5,
            12
        ],
        [
            74,
            1965,
            115,
            36,
            76
        ],
        [
            7,
            69,
            135,
            6,
            1
        ],
        [
            5,
            9,
            3,
            29,
            4
        ],
        [
            14,
            34,
            5,
            1,
            45
        ]
    ],
    "classification_report": {
        "Anger": {
            "precision": 0.4350282485875706,
            "recall": 0.5422535211267606,
            "f1-score": 0.4827586206896552,
            "support": 142.0
        },
        "Neutral": {
            "precision": 0.9295175023651845,
            "recall": 0.8671668137687555,
            "f1-score": 0.8972602739726028,
            "support": 2266.0
        },
        "Joy": {
            "precision": 0.5018587360594795,
            "recall": 0.6192660550458715,
            "f1-score": 0.5544147843942505,
            "support": 218.0
        },
        "Sadness": {
            "precision": 0.37662337662337664,
            "recall": 0.58,
            "f1-score": 0.4566929133858268,
            "support": 50.0
        },
        "Fear": {
            "precision": 0.32608695652173914,
            "recall": 0.45454545454545453,
            "f1-score": 0.379746835443038,
            "support": 99.0
        },
        "accuracy": 0.8111711711711712,
        "macro avg": {
            "precision": 0.5138229640314702,
            "recall": 0.6126463688973685,
            "f1-score": 0.5541746855770746,
            "support": 2775.0
        },
        "weighted avg": {
            "precision": 0.8391278031159389,
            "recall": 0.8111711711711712,
            "f1-score": 0.8227154992201611,
            "support": 2775.0
        }
    }
}