{
    "accuracy": 0.8631123919308358,
    "macro_avg_f1": 0.5478332249299991,
    "weighted_avg_f1": 0.8443089362885775,
    "classification_report": {
        "0": {
            "precision": 0.6470588235294118,
            "recall": 0.30985915492957744,
            "f1-score": 0.41904761904761906,
            "support": 71.0
        },
        "1": {
            "precision": 0.8849557522123894,
            "recall": 0.970873786407767,
            "f1-score": 0.9259259259259259,
            "support": 1133.0
        },
        "2": {
            "precision": 0.7272727272727273,
            "recall": 0.5137614678899083,
            "f1-score": 0.6021505376344086,
            "support": 109.0
        },
        "3": {
            "precision": 0.75,
            "recall": 0.36,
            "f1-score": 0.4864864864864865,
            "support": 25.0
        },
        "4": {
            "precision": 0.5,
            "recall": 0.22,
            "f1-score": 0.3055555555555556,
            "support": 50.0
        },
        "accuracy": 0.8631123919308358,
        "macro avg": {
            "precision": 0.7018574606029058,
            "recall": 0.4748988818454506,
            "f1-score": 0.5478332249299991,
            "support": 1388.0
        },
        "weighted avg": {
            "precision": 0.8441057427953549,
            "recall": 0.8631123919308358,
            "f1-score": 0.8443089362885775,
            "support": 1388.0
        }
    }
}