{
    "accuracy": 0.8105187319884726,
    "macro_avg_f1": 0.5145159896810699,
    "weighted_avg_f1": 0.8129131379238309,
    "confusion_matrix": [
        [
            33,
            32,
            2,
            3,
            1
        ],
        [
            27,
            1007,
            68,
            5,
            26
        ],
        [
            8,
            38,
            63,
            0,
            0
        ],
        [
            5,
            4,
            3,
            11,
            2
        ],
        [
            4,
            29,
            4,
            2,
            11
        ]
    ],
    "classification_report": {
        "Anger": {
            "precision": 0.42857142857142855,
            "recall": 0.4647887323943662,
            "f1-score": 0.44594594594594594,
            "support": 71.0
        },
        "Neutral": {
            "precision": 0.9072072072072072,
            "recall": 0.8887908208296558,
            "f1-score": 0.8979045920641997,
            "support": 1133.0
        },
        "Joy": {
            "precision": 0.45,
            "recall": 0.5779816513761468,
            "f1-score": 0.5060240963855421,
            "support": 109.0
        },
        "Sadness": {
            "precision": 0.5238095238095238,
            "recall": 0.44,
            "f1-score": 0.4782608695652174,
            "support": 25.0
        },
        "Fear": {
            "precision": 0.275,
            "recall": 0.22,
            "f1-score": 0.24444444444444444,
            "support": 50.0
        },
        "accuracy": 0.8105187319884726,
        "macro avg": {
            "precision": 0.5169176319176318,
            "recall": 0.5183122409200338,
            "f1-score": 0.5145159896810699,
            "support": 1388.0
        },
        "weighted avg": {
            "precision": 0.8171394634651117,
            "recall": 0.8105187319884726,
            "f1-score": 0.8129131379238309,
            "support": 1388.0
        }
    }
}