{
    "accuracy": 0.8472622478386167,
    "macro_avg_f1": 0.6306811407622847,
    "weighted_avg_f1": 0.8527214981700815,
    "confusion_matrix": [
        [
            42,
            22,
            3,
            2,
            2
        ],
        [
            20,
            1014,
            70,
            8,
            21
        ],
        [
            4,
            21,
            82,
            2,
            0
        ],
        [
            5,
            4,
            0,
            15,
            1
        ],
        [
            2,
            21,
            3,
            1,
            23
        ]
    ],
    "classification_report": {
        "Anger": {
            "precision": 0.5753424657534246,
            "recall": 0.5915492957746479,
            "f1-score": 0.5833333333333334,
            "support": 71.0
        },
        "Neutral": {
            "precision": 0.9371534195933456,
            "recall": 0.8949691085613416,
            "f1-score": 0.9155756207674943,
            "support": 1133.0
        },
        "Joy": {
            "precision": 0.5189873417721519,
            "recall": 0.7522935779816514,
            "f1-score": 0.6142322097378277,
            "support": 109.0
        },
        "Sadness": {
            "precision": 0.5357142857142857,
            "recall": 0.6,
            "f1-score": 0.5660377358490566,
            "support": 25.0
        },
        "Fear": {
            "precision": 0.48936170212765956,
            "recall": 0.46,
            "f1-score": 0.4742268041237113,
            "support": 50.0
        },
        "accuracy": 0.8472622478386167,
        "macro avg": {
            "precision": 0.6113118429921734,
            "recall": 0.6597623964635282,
            "f1-score": 0.6306811407622847,
            "support": 1388.0
        },
        "weighted avg": {
            "precision": 0.8624457506989612,
            "recall": 0.8472622478386167,
            "f1-score": 0.8527214981700815,
            "support": 1388.0
        }
    }
}