{
    "accuracy": 0.8544144144144145,
    "macro_avg_f1": 0.4936787059272424,
    "weighted_avg_f1": 0.8349629660429337,
    "confusion_matrix": [
        [
            47,
            87,
            6,
            1,
            1
        ],
        [
            19,
            2185,
            42,
            7,
            13
        ],
        [
            2,
            106,
            110,
            0,
            0
        ],
        [
            5,
            28,
            5,
            9,
            3
        ],
        [
            4,
            67,
            3,
            5,
            20
        ]
    ],
    "classification_report": {
        "Anger": {
            "precision": 0.6103896103896104,
            "recall": 0.33098591549295775,
            "f1-score": 0.4292237442922374,
            "support": 142.0
        },
        "Neutral": {
            "precision": 0.8835422563687828,
            "recall": 0.9642541924095323,
            "f1-score": 0.9221354716184849,
            "support": 2266.0
        },
        "Joy": {
            "precision": 0.6626506024096386,
            "recall": 0.5045871559633027,
            "f1-score": 0.5729166666666666,
            "support": 218.0
        },
        "Sadness": {
            "precision": 0.4090909090909091,
            "recall": 0.18,
            "f1-score": 0.25,
            "support": 50.0
        },
        "Fear": {
            "precision": 0.5405405405405406,
            "recall": 0.20202020202020202,
            "f1-score": 0.29411764705882354,
            "support": 99.0
        },
        "accuracy": 0.8544144144144145,
        "macro avg": {
            "precision": 0.6212427837598963,
            "recall": 0.436369493177199,
            "f1-score": 0.4936787059272424,
            "support": 2775.0
        },
        "weighted avg": {
            "precision": 0.8314262947388638,
            "recall": 0.8544144144144145,
            "f1-score": 0.8349629660429337,
            "support": 2775.0
        }
    }
}