{
    "accuracy": 0.840057636887608,
    "macro_avg_f1": 0.4000501978053751,
    "weighted_avg_f1": 0.8083978458446202,
    "confusion_matrix": [
        [
            17,
            49,
            5,
            0,
            0
        ],
        [
            6,
            1101,
            25,
            0,
            1
        ],
        [
            1,
            68,
            40,
            0,
            0
        ],
        [
            3,
            15,
            4,
            1,
            2
        ],
        [
            2,
            40,
            1,
            0,
            7
        ]
    ],
    "classification_report": {
        "Anger": {
            "precision": 0.5862068965517241,
            "recall": 0.23943661971830985,
            "f1-score": 0.34,
            "support": 71.0
        },
        "Neutral": {
            "precision": 0.8648860958366065,
            "recall": 0.971756398940865,
            "f1-score": 0.9152119700748129,
            "support": 1133.0
        },
        "Joy": {
            "precision": 0.5333333333333333,
            "recall": 0.3669724770642202,
            "f1-score": 0.43478260869565216,
            "support": 109.0
        },
        "Sadness": {
            "precision": 1.0,
            "recall": 0.04,
            "f1-score": 0.07692307692307693,
            "support": 25.0
        },
        "Fear": {
            "precision": 0.7,
            "recall": 0.14,
            "f1-score": 0.23333333333333334,
            "support": 50.0
        },
        "accuracy": 0.840057636887608,
        "macro avg": {
            "precision": 0.7368852651443328,
            "recall": 0.35163309914467905,
            "f1-score": 0.4000501978053751,
            "support": 1388.0
        },
        "weighted avg": {
            "precision": 0.8210878743309661,
            "recall": 0.840057636887608,
            "f1-score": 0.8083978458446202,
            "support": 1388.0
        }
    }
}