{
    "accuracy": 0.8695495495495495,
    "macro_avg_f1": 0.5634134760441747,
    "weighted_avg_f1": 0.8535994713377337,
    "confusion_matrix": [
        [
            65,
            72,
            2,
            1,
            2
        ],
        [
            17,
            2197,
            42,
            3,
            7
        ],
        [
            5,
            97,
            115,
            1,
            0
        ],
        [
            4,
            20,
            2,
            17,
            7
        ],
        [
            8,
            68,
            2,
            2,
            19
        ]
    ],
    "classification_report": {
        "Anger": {
            "precision": 0.6565656565656566,
            "recall": 0.45774647887323944,
            "f1-score": 0.5394190871369294,
            "support": 142.0
        },
        "Neutral": {
            "precision": 0.8952730236348818,
            "recall": 0.96954986760812,
            "f1-score": 0.9309322033898305,
            "support": 2266.0
        },
        "Joy": {
            "precision": 0.7055214723926381,
            "recall": 0.5275229357798165,
            "f1-score": 0.6036745406824147,
            "support": 218.0
        },
        "Sadness": {
            "precision": 0.7083333333333334,
            "recall": 0.34,
            "f1-score": 0.4594594594594595,
            "support": 50.0
        },
        "Fear": {
            "precision": 0.5428571428571428,
            "recall": 0.1919191919191919,
            "f1-score": 0.2835820895522388,
            "support": 99.0
        },
        "accuracy": 0.8695495495495495,
        "macro avg": {
            "precision": 0.7017101257567305,
            "recall": 0.49734769483607355,
            "f1-score": 0.5634134760441747,
            "support": 2775.0
        },
        "weighted avg": {
            "precision": 0.8522105223712017,
            "recall": 0.8695495495495495,
            "f1-score": 0.8535994713377337,
            "support": 2775.0
        }
    }
}