{
    "train_loss": [
        1.5424306495817395,
        1.3857172326782283,
        1.2858615205962813,
        1.2581461178799642,
        1.226571050650994,
        1.2046624940022255,
        1.1828258545938026,
        1.1585954392354185,
        1.1340363628342656,
        1.1081515129181305,
        1.0821857887086526,
        1.0619272644941238,
        1.0412894394179653,
        1.0212685931450947,
        1.0024120410528996,
        0.9850510343338267,
        0.9608078410363168,
        0.9496635363813678,
        0.9389577089487696,
        0.9221003519737234,
        0.912934616558042,
        0.89209752350272,
        0.8851516842842102,
        0.8743290587320316,
        0.8692407745255528,
        0.8478794327772444,
        0.8489166493763588,
        0.831490479234712,
        0.8235141435276593,
        0.8122548750510764,
        0.8134168190110305,
        0.8077211237071619,
        0.7980440163936544,
        0.7846155552693144,
        0.7759284865576198,
        0.775735647628275,
        0.7650077427899734,
        0.7597447458023784,
        0.7553098268060955,
        0.7413164044192754,
        0.7418274036591368,
        0.726680663371705,
        0.7331302256607745,
        0.7176002022730847,
        0.7095771887983173,
        0.7077015071775768,
        0.6962485493187262,
        0.695640908478217,
        0.6920331623704531,
        0.6832316964680538,
        0.6826728437607015,
        0.6736202462494595,
        0.6708640399468402,
        0.6606622264986427,
        0.6544228948385665,
        0.6551436101108311,
        0.6490833323877143,
        0.640321360456634,
        0.6496266551011867,
        0.6409926670885499,
        0.6378835720391149,
        0.633762289727353,
        0.6337992431796231,
        0.6354760318368268,
        0.6307546635272329,
        0.6332252955407236,
        0.6263388374679905,
        0.629754377733939
    ],
    "train_acc": [
        0.757725587144623,
        0.8164400494437577,
        0.8164400494437577,
        0.8164400494437577,
        0.8164400494437577,
        0.8164400494437577,
        0.8164400494437577,
        0.8179851668726823,
        0.8195302843016069,
        0.8220024721878862,
        0.8247836835599506,
        0.8281829419035847,
        0.8297280593325093,
        0.8275648949320148,
        0.8325092707045736,
        0.8318912237330037,
        0.8312731767614339,
        0.8315822002472187,
        0.8337453646477132,
        0.8349814585908529,
        0.8340543881334982,
        0.8393077873918418,
        0.8322002472187886,
        0.8365265760197775,
        0.8331273176761433,
        0.8334363411619283,
        0.8355995055624228,
        0.834672435105068,
        0.8337453646477132,
        0.8377626699629172,
        0.8371446229913473,
        0.8343634116192831,
        0.8362175525339925,
        0.8380716934487021,
        0.8352904820766378,
        0.838380716934487,
        0.8359085290482077,
        0.8414709517923362,
        0.8399258343634116,
        0.8362175525339925,
        0.8430160692212608,
        0.8396168108776267,
        0.8411619283065513,
        0.8445611866501854,
        0.8445611866501854,
        0.8420889987639061,
        0.845797280593325,
        0.8470333745364648,
        0.8445611866501854,
        0.8436341161928307,
        0.8464153275648949,
        0.8479604449938195,
        0.8491965389369592,
        0.845797280593325,
        0.853522867737948,
        0.8467243510506799,
        0.8516687268232386,
        0.8600123609394313,
        0.8504326328800988,
        0.8529048207663782,
        0.8513597033374537,
        0.8516687268232386,
        0.850123609394314,
        0.8516687268232386,
        0.8485784919653894,
        0.8519777503090235,
        0.8541409147095179,
        0.8522867737948084
    ],
    "val_loss": [
        1.4657842027350874,
        1.3185847011698082,
        1.2618873830487474,
        1.2339239257900447,
        1.209080611594472,
        1.1843601372468713,
        1.160206917727028,
        1.1360597163868225,
        1.114046646641723,
        1.0915767900881919,
        1.0709939913378668,
        1.051788858790219,
        1.033032927629927,
        1.0171094456048795,
        1.0007701143407683,
        0.986753398987333,
        0.9745486177697306,
        0.9638087661877833,
        0.9532764748125324,
        0.9433483017624626,
        0.9348709839221724,
        0.9268744806047818,
        0.9193018137206261,
        0.9133217571791723,
        0.9070111422099023,
        0.9010617593866947,
        0.8959190495076028,
        0.8916739629050153,
        0.8863134220972528,
        0.8820647695222574,
        0.8780380023659478,
        0.8753334821472938,
        0.8722963697285061,
        0.8685891070008621,
        0.8658134172904045,
        0.8625658391532018,
        0.8613403607857674,
        0.858227555449483,
        0.8571399565388902,
        0.8550043492564551,
        0.8518663404310814,
        0.8506256190775451,
        0.8497072281342762,
        0.8492404181263289,
        0.8474481518055589,
        0.8455229703905947,
        0.8445865755809487,
        0.8428830545642534,
        0.8427156797403561,
        0.8415181442708721,
        0.8402670707757603,
        0.8415722460499414,
        0.8423040102125932,
        0.8412994704603806,
        0.8413515326269079,
        0.8405223736158366,
        0.8400670389620646,
        0.8398188732199435,
        0.8410955559279801,
        0.8412330561137681,
        0.8411086306448285,
        0.8403839687105558,
        0.8405045312144914,
        0.8406252179090846,
        0.8407634429698032,
        0.8411850092733971,
        0.8412836068645334,
        0.8411496121876522
    ],
    "val_acc": [
        0.8162824207492796,
        0.8162824207492796,
        0.8162824207492796,
        0.8162824207492796,
        0.8162824207492796,
        0.8162824207492796,
        0.8177233429394812,
        0.8242074927953891,
        0.8278097982708934,
        0.8314121037463977,
        0.829250720461095,
        0.8321325648414986,
        0.8306916426512968,
        0.8314121037463977,
        0.8314121037463977,
        0.8306916426512968,
        0.8314121037463977,
        0.8328530259365994,
        0.8270893371757925,
        0.8256484149855908,
        0.8256484149855908,
        0.8306916426512968,
        0.829971181556196,
        0.8263688760806917,
        0.8242074927953891,
        0.8270893371757925,
        0.8242074927953891,
        0.829250720461095,
        0.8198847262247838,
        0.8234870317002881,
        0.8220461095100865,
        0.8249279538904899,
        0.8278097982708934,
        0.8256484149855908,
        0.8270893371757925,
        0.8285302593659942,
        0.8234870317002881,
        0.8206051873198847,
        0.8227665706051873,
        0.8263688760806917,
        0.819164265129683,
        0.8184438040345822,
        0.8263688760806917,
        0.8227665706051873,
        0.8234870317002881,
        0.8234870317002881,
        0.8220461095100865,
        0.8206051873198847,
        0.8227665706051873,
        0.8220461095100865,
        0.8141210374639769,
        0.8206051873198847,
        0.8177233429394812,
        0.8206051873198847,
        0.8220461095100865,
        0.8198847262247838,
        0.8170028818443804,
        0.8141210374639769,
        0.8162824207492796,
        0.8170028818443804,
        0.8170028818443804,
        0.8162824207492796,
        0.8162824207492796,
        0.8155619596541787,
        0.8141210374639769,
        0.8148414985590778,
        0.8148414985590778,
        0.8141210374639769
    ],