{
    "accuracy": 0.8706306306306306,
    "macro_avg_f1": 0.6122020896948951,
    "weighted_avg_f1": 0.8614163540320084,
    "confusion_matrix": [
        [
            70,
            63,
            3,
            2,
            4
        ],
        [
            32,
            2169,
            45,
            3,
            17
        ],
        [
            4,
            92,
            121,
            1,
            0
        ],
        [
            4,
            17,
            4,
            21,
            4
        ],
        [
            6,
            54,
            2,
            2,
            35
        ]
    ],
    "classification_report": {
        "Anger": {
            "precision": 0.603448275862069,
            "recall": 0.49295774647887325,
            "f1-score": 0.5426356589147286,
            "support": 142.0
        },
        "Neutral": {
            "precision": 0.9056367432150313,
            "recall": 0.9571932921447485,
            "f1-score": 0.9307015661875134,
            "support": 2266.0
        },
        "Joy": {
            "precision": 0.6914285714285714,
            "recall": 0.555045871559633,
            "f1-score": 0.6157760814249363,
            "support": 218.0
        },
        "Sadness": {
            "precision": 0.7241379310344828,
            "recall": 0.42,
            "f1-score": 0.5316455696202531,
            "support": 50.0
        },
        "Fear": {
            "precision": 0.5833333333333334,
            "recall": 0.35353535353535354,
            "f1-score": 0.44025157232704404,
            "support": 99.0
        },
        "accuracy": 0.8706306306306306,
        "macro avg": {
            "precision": 0.7015969709746975,
            "recall": 0.5557464527437216,
            "f1-score": 0.6122020896948951,
            "support": 2775.0
        },
        "weighted avg": {
            "precision": 0.8585768794309289,
            "recall": 0.8706306306306306,
            "f1-score": 0.8614163540320084,
            "support": 2775.0
        }
    }
}