{
    "accuracy": 0.8126801152737753,
    "macro_avg_f1": 0.4794004688532324,
    "weighted_avg_f1": 0.8132754870185829,
    "confusion_matrix": [
        [
            29,
            32,
            5,
            1,
            4
        ],
        [
            29,
            1016,
            68,
            6,
            14
        ],
        [
            9,
            34,
            65,
            1,
            0
        ],
        [
            6,
            6,
            4,
            7,
            2
        ],
        [
            4,
            28,
            3,
            4,
            11
        ]
    ],
    "classification_report": {
        "Anger": {
            "precision": 0.37662337662337664,
            "recall": 0.4084507042253521,
            "f1-score": 0.3918918918918919,
            "support": 71.0
        },
        "Neutral": {
            "precision": 0.910394265232975,
            "recall": 0.8967343336275375,
            "f1-score": 0.9035126722987995,
            "support": 1133.0
        },
        "Joy": {
            "precision": 0.4482758620689655,
            "recall": 0.5963302752293578,
            "f1-score": 0.5118110236220472,
            "support": 109.0
        },
        "Sadness": {
            "precision": 0.3684210526315789,
            "recall": 0.28,
            "f1-score": 0.3181818181818182,
            "support": 25.0
        },
        "Fear": {
            "precision": 0.3548387096774194,
            "recall": 0.22,
            "f1-score": 0.2716049382716049,
            "support": 50.0
        },
        "accuracy": 0.8126801152737753,
        "macro avg": {
            "precision": 0.49171065324686314,
            "recall": 0.4803030626164495,
            "f1-score": 0.4794004688532324,
            "support": 1388.0
        },
        "weighted avg": {
            "precision": 0.8170255713360216,
            "recall": 0.8126801152737753,
            "f1-score": 0.8132754870185829,
            "support": 1388.0
        }
    }
}