{
    "train_loss": [
        1.0436109825427762,
        0.6903581209682191,
        0.6547094468316836,
        0.6222054805119145,
        0.5929552548113625,
        0.5654119709792949,
        0.5427654433587448,
        0.5234130837348998,
        0.5061379012848999,
        0.49255336243955644,
        0.47847821119992606,
        0.46817551670423635,
        0.45572654753992475,
        0.4468976965799373,
        0.4391102483002568,
        0.4308569219700616,
        0.423981057060717,
        0.41615776471113397,
        0.4099854240595383,
        0.4018452785150651,
        0.3965653254465362,
        0.39375087045617696,
        0.3854749263686521,
        0.3826148761455047,
        0.37841915145053684,
        0.37574334817158833,
        0.36950792331020044,
        0.36311275669727944,
        0.35988918014956134,
        0.3552882519605151,
        0.349999219773082,
        0.34604771405564344,
        0.345447097157246,
        0.3422534249305136,
        0.3370406349751711,
        0.33294011660066397,
        0.32888712589875746,
        0.32531306651493835,
        0.3225412721079946,
        0.32073425064310856,
        0.3178916210951806,
        0.3135821432008748,
        0.3112024413794394,
        0.31003905876276205,
        0.30559469449378307,
        0.30429726599422285,
        0.30040622656687543,
        0.29668981108970444,
        0.2948644239494021,
        0.2918500612696632,
        0.28848548524718226,
        0.2887103273283656,
        0.28575352598577347,
        0.2813007806780422,
        0.28307194256642565,
        0.2782965717434644,
        0.27369135577463577,
        0.2717079314652577,
        0.26856219435820583,
        0.2674871968091335,
        0.2643154305094419,
        0.2656281453996284,
        0.2618774295028166,
        0.2623986395105556,
        0.2616022519482981
    ],
    "train_acc": [
        0.7467943766414337,
        0.8163139193573304,
        0.8163139193573304,
        0.8163139193573304,
        0.8177043102116484,
        0.8214120191564962,
        0.8237293372470261,
        0.82712807044647,
        0.8331530974818476,
        0.8348524640815695,
        0.8397960760080334,
        0.8424223698439672,
        0.8459755909161131,
        0.8515371543333848,
        0.8529275451877028,
        0.8532365209331068,
        0.8536999845512128,
        0.8586435964776765,
        0.8614243781863123,
        0.8625057932952264,
        0.8663679901127761,
        0.8654410628765642,
        0.8660590143673722,
        0.8677583809670941,
        0.868685308203306,
        0.870693650548432,
        0.8745558473659818,
        0.8748648231113858,
        0.8778000926927236,
        0.8793449714197435,
        0.8798084350378496,
        0.8794994592924456,
        0.8811988258921675,
        0.8816622895102735,
        0.8836706318553994,
        0.8853699984551213,
        0.8879962922910551,
        0.8870693650548432,
        0.8859879499459292,
        0.889077707399969,
        0.8864514135640352,
        0.8873783408002471,
        0.8883052680364592,
        0.8903136103815851,
        0.8927854163448169,
        0.892476440599413,
        0.892321952726711,
        0.8974200525258768,
        0.8954117101807508,
        0.8964931252896647,
        0.8969565889077707,
        0.8961841495442607,
        0.8986559555074927,
        0.8998918584891086,
        0.8997373706164066,
        0.9008187857253206,
        0.9031361038158504,
        0.9011277614707246,
        0.9040630310520624,
        0.9029816159431484,
        0.9051444461609763,
        0.9054534219063803,
        0.9099335702147382,
        0.9090066429785262,
        0.9088521551058242
    ],
    "val_loss": [
        0.7111735212588095,
        0.6716330463714428,
        0.6407355469626349,
        0.6119091737109261,
        0.5872196830231864,
        0.5667996526516236,
        0.5499543716993418,
        0.5350284866653047,
        0.5218948297565048,
        0.5114010557773951,
        0.5015415057351997,
        0.49417174713568646,
        0.4866184133828223,
        0.48106954149297765,
        0.4755511471978179,
        0.4720801356515369,
        0.4663548683797991,
        0.4626878963934409,
        0.45998706224802377,
        0.4563451973946245,
        0.45373803392455386,
        0.45175432041690156,
        0.4489420553316941,
        0.4479244526254164,
        0.4454547814286507,
        0.44382627950595305,
        0.4425266335756929,
        0.441940205792586,
        0.44028291647230183,
        0.43827141283063203,
        0.43854061479235557,
        0.4366094661698685,
        0.43584312971647793,
        0.4342282711439305,
        0.43358652668493286,
        0.43252691677293265,
        0.431977464379491,
        0.4314710503655511,
        0.43039722670842934,
        0.43126798311063835,
        0.4305433374643326,
        0.4296034170754321,
        0.42907784878402144,
        0.4288047570366043,
        0.4278310497252791,
        0.42707719472346006,
        0.42711929024071305,
        0.42856417032512456,
        0.42627863341892086,
        0.4258962846795718,
        0.4255536307971757,
        0.4263154239106823,
        0.42512749328269617,
        0.4249576342938183,
        0.42455417953632973,
        0.42503606221428863,
        0.4274694439728518,
        0.42487399990762675,
        0.425319104020123,
        0.425469183414369,
        0.4254204250455977,
        0.42504643663629754,
        0.42511731185891605,
        0.4252098832769437,
        0.4252042106814213
    ],
    "val_acc": [
        0.8165765765765766,
        0.8165765765765766,
        0.8165765765765766,
        0.8169369369369369,
        0.8194594594594594,
        0.8223423423423424,
        0.8263063063063063,
        0.8273873873873874,
        0.8295495495495495,
        0.8295495495495495,
        0.8324324324324325,
        0.8324324324324325,
        0.8317117117117118,
        0.8345945945945946,
        0.8374774774774775,
        0.8367567567567568,
        0.8414414414414414,
        0.8443243243243244,
        0.8472072072072072,
        0.8479279279279279,
        0.8497297297297297,
        0.8504504504504504,
        0.8515315315315315,
        0.8518918918918919,
        0.8518918918918919,
        0.8547747747747748,
        0.8544144144144145,
        0.8547747747747748,
        0.8565765765765766,
        0.8576576576576577,
        0.8558558558558559,
        0.8587387387387387,
        0.8576576576576577,
        0.8576576576576577,
        0.8594594594594595,
        0.8576576576576577,
        0.858018018018018,
        0.8590990990990991,
        0.8590990990990991,
        0.8565765765765766,
        0.858018018018018,
        0.856936936936937,
        0.8572972972972973,
        0.8562162162162162,
        0.8598198198198198,
        0.8576576576576577,
        0.858018018018018,
        0.8587387387387387,
        0.8590990990990991,
        0.8583783783783784,
        0.8594594594594595,
        0.858018018018018,
        0.8594594594594595,
        0.8594594594594595,
        0.8590990990990991,
        0.8576576576576577,
        0.8562162162162162,
        0.8594594594594595,
        0.8598198198198198,
        0.8598198198198198,
        0.8609009009009009,
        0.8612612612612612,
        0.8612612612612612,
        0.8612612612612612,
        0.861981981981982
    ],