{
    "train_loss": [
        1.4855822983424656,
        1.2901522481102583,
        1.237794608798693,
        1.196417637749567,
        1.1558656751446434,
        1.133372840097425,
        1.0970979019796891,
        1.0661755639631463,
        1.0306474065456461,
        1.0140941101776801,
        1.0002396251126773,
        0.9713595389435701,
        0.9491753530664409,
        0.9266258621834706,
        0.9051463078656804,
        0.9001407714650421,
        0.8724176170504727,
        0.8627636901233046,
        0.8373421528578099,
        0.8262989525447227,
        0.8154949693582556,
        0.8077889141547223,
        0.7936705185102738,
        0.7846579427551132,
        0.76248533439872,
        0.7622038234296924,
        0.7588127065905829,
        0.7428192828766937,
        0.7269389279030162,
        0.7312390401277907,
        0.7131043144297983,
        0.7081998317365445,
        0.7035348763866683,
        0.6973054674816662,
        0.6836278713383103,
        0.6724808463465298,
        0.6760793962643674,
        0.6579800790776723,
        0.6497646601886773,
        0.6502220870832578,
        0.6390097912663435,
        0.6359240945396376,
        0.6258191637998753,
        0.6255223603714234,
        0.6170719985024743,
        0.6020416467829305,
        0.5926149755679485,
        0.6047262151913236,
        0.5945354458059752,
        0.5861026271164639,
        0.5787875082053714,
        0.5738105611283936,
        0.5647635183611376,
        0.5589714336896267,
        0.5647285019953554,
        0.5561092859513975,
        0.5432270829956081,
        0.5476928695907404
    ],
    "train_acc": [
        0.7685414091470952,
        0.8164400494437577,
        0.8164400494437577,
        0.8164400494437577,
        0.8164400494437577,
        0.8173671199011124,
        0.8204573547589616,
        0.823238566131026,
        0.8275648949320148,
        0.830964153275649,
        0.8294190358467244,
        0.8303461063040791,
        0.8325092707045736,
        0.8328182941903585,
        0.8355995055624228,
        0.8328182941903585,
        0.834672435105068,
        0.8349814585908529,
        0.8325092707045736,
        0.8371446229913473,
        0.8420889987639061,
        0.8322002472187886,
        0.8389987639060569,
        0.8393077873918418,
        0.8405438813349815,
        0.8408529048207664,
        0.8417799752781211,
        0.8433250927070457,
        0.8420889987639061,
        0.8414709517923362,
        0.8448702101359703,
        0.8454882571075402,
        0.8476514215080346,
        0.8479604449938195,
        0.8485784919653894,
        0.8550679851668727,
        0.8491965389369592,
        0.8541409147095179,
        0.8544499381953028,
        0.8597033374536465,
        0.857540173053152,
        0.8556860321384425,
        0.861557478368356,
        0.8513597033374537,
        0.8584672435105068,
        0.8600123609394313,
        0.8661928306551298,
        0.8634116192830655,
        0.8609394313967862,
        0.8646477132262052,
        0.8618665018541409,
        0.8689740420271941,
        0.8683559950556242,
        0.8711372064276885,
        0.8683559950556242,
        0.8699011124845488,
        0.8683559950556242,
        0.8671199011124846
    ],
    "val_loss": [
        1.3544932136618095,
        1.2502062193598458,
        1.2112439257610772,
        1.1760257767669062,
        1.1420942051953473,
        1.1106810006353285,
        1.080030781563146,
        1.0511884639517375,
        1.0256620616321948,
        1.002777950220905,
        0.9810585108201855,
        0.9632949056130665,
        0.9456375004235194,
        0.9303027123470471,
        0.9169275571702193,
        0.9035036581050422,
        0.8917635636302167,
        0.8800489445584652,
        0.8708175522106182,
        0.8621858695054947,
        0.8540952997523701,
        0.8465601642124935,
        0.8387911527575952,
        0.8339426412706072,
        0.8282647483287009,
        0.8221972909372204,
        0.8175443548290462,
        0.8132780498317751,
        0.8090516729038799,
        0.8053126003625414,
        0.8019762662714428,
        0.8002394071917025,
        0.7963526164763942,
        0.7953295921557918,
        0.7925331922360731,
        0.7887788037917113,
        0.7872056306610877,
        0.7856113279415482,
        0.7832583975723223,
        0.781527447769209,
        0.7818819901956948,
        0.7798746670529203,
        0.7806119443016711,
        0.7779172153053778,
        0.7774376450938519,
        0.7771742280347202,
        0.7763198047275158,
        0.7733678388320747,
        0.7749538318568073,
        0.7747824584544564,
        0.773580374738325,
        0.7781244865927298,
        0.7749076130067237,
        0.7745453558153653,
        0.7742031782607868,
        0.7750306171539537,
        0.7751234617803557,
        0.7752169825845218
    ],
    "val_acc": [
        0.8162824207492796,
        0.8162824207492796,
        0.8162824207492796,
        0.8162824207492796,
        0.8162824207492796,
        0.8242074927953891,
        0.8270893371757925,
        0.8285302593659942,
        0.8256484149855908,
        0.8206051873198847,
        0.8242074927953891,
        0.819164265129683,
        0.8220461095100865,
        0.8234870317002881,
        0.8206051873198847,
        0.8234870317002881,
        0.8206051873198847,
        0.8278097982708934,
        0.8249279538904899,
        0.8263688760806917,
        0.8198847262247838,
        0.829250720461095,
        0.829250720461095,
        0.8342939481268011,
        0.8350144092219021,
        0.8270893371757925,
        0.8263688760806917,
        0.8314121037463977,
        0.8364553314121037,
        0.8357348703170029,
        0.8364553314121037,
        0.8306916426512968,
        0.8321325648414986,
        0.8371757925072046,
        0.8364553314121037,
        0.8206051873198847,
        0.8234870317002881,
        0.8220461095100865,
        0.8270893371757925,
        0.8278097982708934,
        0.8270893371757925,
        0.8242074927953891,
        0.8285302593659942,
        0.8263688760806917,
        0.829250720461095,
        0.8278097982708934,
        0.829250720461095,
        0.8249279538904899,
        0.8263688760806917,
        0.8249279538904899,
        0.8256484149855908,
        0.8314121037463977,
        0.8278097982708934,
        0.8263688760806917,
        0.8256484149855908,
        0.8285302593659942,
        0.8270893371757925,
        0.8278097982708934
    ],
    "learning_rate": [
        0.0001,
        0.0001,
        0.0001,
        0.0001,
        0.0001,
        0.0001,
        0.0001,
        0.0001,
        0.0001,
        0.0001,
        0.0001,
        0.0001,
        0.0001,
        0.0001,
        0.0001,
        0.0001,
        0.0001,
        0.0001,
        0.0001,
        0.0001,
        0.0001,
        0.0001,
        0.0001,
        0.0001,
        0.0001,
        0.0001,
        0.0001,
        0.0001,
        0.0001,
        0.0001,
        0.0001,
        0.0001,
        0.0001,
        0.0001,
        0.0001,
        0.0001,
        0.0001,
        0.0001,
        0.0001,
        0.0001,
        0.0001,
        0.0001,
        0.0001,
        0.0001,
        0.0001,
        0.0001,
        0.0001,
        0.0001,
        0.0001,
        0.0001,
        0.0001,
        5e-05,
        5e-05,
        5e-05,
        5e-05,
        2.5e-05,
        2.5e-05,
        2.5e-05
    ]
}