{
    "train_loss": [
        1.4436929148560844,
        1.1798916079647315,
        1.1116927406843866,
        1.038359485060087,
        0.9961866001852953,
        0.9458282341621126,
        0.9025105032770536,
        0.8761822912100661,
        0.8503840072045957,
        0.832242947426361,
        0.8090467133245008,
        0.7884113328123858,
        0.7747351018106392,
        0.7565635462994923,
        0.7368673686633446,
        0.7324491457827159,
        0.7229059063202077,
        0.7064222435574007,
        0.704492766202896,
        0.6827367192366804,
        0.6818565298953958,
        0.6759375583550838,
        0.658703328578817,
        0.6579264490065085,
        0.6462875200879883,
        0.6397572998210732,
        0.6371344272668931,
        0.6265586761410068,
        0.6084586035538515,
        0.6142811244180971,
        0.6068523299266735,
        0.5952464614353604,
        0.5820757447199709,
        0.5785516866647417,
        0.564459002135858,
        0.559121016205757,
        0.5556650723898219,
        0.5547075478638648,
        0.5564827591143963,
        0.5426859258131869,
        0.5382730967108488,
        0.5444530801219021,
        0.5261760088805068,
        0.5210486819923882,
        0.5121945662905171,
        0.5039403947307388,
        0.5104547133036096,
        0.5072167803094767,
        0.48891992060230455,
        0.5003407679323213
    ],
    "train_acc": [
        0.6566749072929543,
        0.8148949320148331,
        0.8136588380716935,
        0.8167490729295427,
        0.8158220024721878,
        0.8220024721878862,
        0.8173671199011124,
        0.8223114956736712,
        0.8204573547589616,
        0.8235475896168108,
        0.8226205191594561,
        0.8263288009888752,
        0.8278739184177998,
        0.8263288009888752,
        0.826946847960445,
        0.82663782447466,
        0.8263288009888752,
        0.8380716934487021,
        0.8315822002472187,
        0.8315822002472187,
        0.8365265760197775,
        0.8275648949320148,
        0.8340543881334982,
        0.8362175525339925,
        0.8430160692212608,
        0.8371446229913473,
        0.8374536464771323,
        0.8377626699629172,
        0.8393077873918418,
        0.8368355995055624,
        0.8451792336217553,
        0.8439431396786156,
        0.8476514215080346,
        0.8479604449938195,
        0.8504326328800988,
        0.8488875154511742,
        0.8525957972805933,
        0.8498145859085291,
        0.8547589616810878,
        0.8507416563658838,
        0.8559950556242274,
        0.8467243510506799,
        0.8584672435105068,
        0.853831891223733,
        0.861557478368356,
        0.8603213844252163,
        0.8637206427688504,
        0.86557478368356,
        0.8631025957972805,
        0.8637206427688504
    ],
    "val_loss": [
        1.2360865849926423,
        1.1180693368059758,
        1.0508460362981307,
        0.9952972469480993,
        0.9524116986766672,
        0.9204719915170148,
        0.8922414238583457,
        0.874233188649763,
        0.8563433442404359,
        0.8418392980476621,
        0.8309854056031285,
        0.8215625686329449,
        0.8116011655639847,
        0.8041877545609598,
        0.7969829263192433,
        0.7925410621104392,
        0.7876862722102778,
        0.7839748929831755,
        0.7802666626677389,
        0.7766676960829699,
        0.7741828572853154,
        0.7705564356331179,
        0.7660413794970994,
        0.7632310900633205,
        0.7608540899815408,
        0.7584921181717249,
        0.7558842031687756,
        0.756177461628268,
        0.7547575389961001,
        0.7547305008176425,
        0.7534997860018046,
        0.7529344739075696,
        0.7506188971852019,
        0.7497674960224361,
        0.7485317512273101,
        0.7483834668951007,
        0.7478100348274714,
        0.7481246161186043,
        0.7471879231139631,
        0.7455730785210469,
        0.7469356595954565,
        0.7497245152333284,
        0.747185551639249,
        0.7481779478468881,
        0.748895707322816,
        0.749623355844866,
        0.7489506987055028,
        0.7497043171602299,
        0.7504168329733593,
        0.7507918765634213
    ],
    "val_acc": [
        0.8162824207492796,
        0.8234870317002881,
        0.829250720461095,
        0.8220461095100865,
        0.8220461095100865,
        0.8234870317002881,
        0.8242074927953891,
        0.8206051873198847,
        0.819164265129683,
        0.8227665706051873,
        0.8263688760806917,
        0.8090778097982709,
        0.8227665706051873,
        0.8198847262247838,
        0.8184438040345822,
        0.8141210374639769,
        0.8213256484149856,
        0.8119596541786743,
        0.8141210374639769,
        0.8270893371757925,
        0.8148414985590778,
        0.8242074927953891,
        0.8177233429394812,
        0.819164265129683,
        0.8184438040345822,
        0.8198847262247838,
        0.8227665706051873,
        0.8177233429394812,
        0.8249279538904899,
        0.8177233429394812,
        0.8119596541786743,
        0.8184438040345822,
        0.8206051873198847,
        0.8198847262247838,
        0.8105187319884726,
        0.8256484149855908,
        0.8213256484149856,
        0.8256484149855908,
        0.8198847262247838,
        0.8220461095100865,
        0.8206051873198847,
        0.8256484149855908,
        0.8148414985590778,
        0.8234870317002881,
        0.8234870317002881,
        0.8242074927953891,
        0.8213256484149856,
        0.8220461095100865,
        0.8227665706051873,
        0.8227665706051873
    ],
    "learning_rate": [
        0.0001,
        0.0001,
        0.0001,
        0.0001,
        0.0001,
        0.0001,
        0.0001,
        0.0001,
        0.0001,
        0.0001,
        0.0001,
        0.0001,
        0.0001,
        0.0001,
        0.0001,
        0.0001,
        0.0001,
        0.0001,
        0.0001,
        0.0001,
        0.0001,
        0.0001,
        0.0001,
        0.0001,
        0.0001,
        0.0001,
        0.0001,
        0.0001,
        0.0001,
        0.0001,
        0.0001,
        0.0001,
        0.0001,
        0.0001,
        0.0001,
        0.0001,
        0.0001,
        0.0001,
        0.0001,
        0.0001,
        0.0001,
        0.0001,
        0.0001,
        5e-05,
        5e-05,
        5e-05,
        5e-05,
        2.5e-05,
        2.5e-05,
        2.5e-05
    ]
}