{
    "accuracy": 0.8508108108108108,
    "macro_avg_f1": 0.5448297270877916,
    "weighted_avg_f1": 0.8368801229585886,
    "confusion_matrix": [
        [
            53,
            77,
            6,
            2,
            4
        ],
        [
            26,
            2159,
            49,
            8,
            24
        ],
        [
            4,
            110,
            103,
            1,
            0
        ],
        [
            4,
            24,
            4,
            18,
            0
        ],
        [
            2,
            63,
            5,
            1,
            28
        ]
    ],
    "classification_report": {
        "Anger": {
            "precision": 0.5955056179775281,
            "recall": 0.3732394366197183,
            "f1-score": 0.4588744588744589,
            "support": 142.0
        },
        "Neutral": {
            "precision": 0.8873818331278257,
            "recall": 0.9527802294792586,
            "f1-score": 0.918918918918919,
            "support": 2266.0
        },
        "Joy": {
            "precision": 0.6167664670658682,
            "recall": 0.4724770642201835,
            "f1-score": 0.535064935064935,
            "support": 218.0
        },
        "Sadness": {
            "precision": 0.6,
            "recall": 0.36,
            "f1-score": 0.45,
            "support": 50.0
        },
        "Fear": {
            "precision": 0.5,
            "recall": 0.2828282828282828,
            "f1-score": 0.36129032258064514,
            "support": 99.0
        },
        "accuracy": 0.8508108108108108,
        "macro avg": {
            "precision": 0.6399307836342445,
            "recall": 0.48826500262948863,
            "f1-score": 0.5448297270877916,
            "support": 2775.0
        },
        "weighted avg": {
            "precision": 0.8321888725912869,
            "recall": 0.8508108108108108,
            "f1-score": 0.8368801229585886,
            "support": 2775.0
        }
    }
}