{
    "accuracy": 0.8170028818443804,
    "macro_avg_f1": 0.5138927980645283,
    "weighted_avg_f1": 0.8214198962794579,
    "confusion_matrix": [
        [
            36,
            27,
            4,
            1,
            3
        ],
        [
            29,
            1011,
            52,
            8,
            33
        ],
        [
            10,
            34,
            64,
            1,
            0
        ],
        [
            5,
            5,
            2,
            9,
            4
        ],
        [
            2,
            26,
            5,
            3,
            14
        ]
    ],
    "classification_report": {
        "Anger": {
            "precision": 0.43902439024390244,
            "recall": 0.5070422535211268,
            "f1-score": 0.47058823529411764,
            "support": 71.0
        },
        "Neutral": {
            "precision": 0.9165911151405258,
            "recall": 0.8923212709620476,
            "f1-score": 0.9042933810375671,
            "support": 1133.0
        },
        "Joy": {
            "precision": 0.5039370078740157,
            "recall": 0.5871559633027523,
            "f1-score": 0.5423728813559322,
            "support": 109.0
        },
        "Sadness": {
            "precision": 0.4090909090909091,
            "recall": 0.36,
            "f1-score": 0.3829787234042553,
            "support": 25.0
        },
        "Fear": {
            "precision": 0.25925925925925924,
            "recall": 0.28,
            "f1-score": 0.2692307692307692,
            "support": 50.0
        },
        "accuracy": 0.8170028818443804,
        "macro avg": {
            "precision": 0.5055805363217225,
            "recall": 0.5253038975571853,
            "f1-score": 0.5138927980645283,
            "support": 1388.0
        },
        "weighted avg": {
            "precision": 0.8269364803386429,
            "recall": 0.8170028818443804,
            "f1-score": 0.8214198962794579,
            "support": 1388.0
        }
    }
}