{
    "accuracy": 0.8559077809798271,
    "macro_avg_f1": 0.476604368108389,
    "weighted_avg_f1": 0.8325535618250783,
    "confusion_matrix": [
        [
            26,
            43,
            1,
            0,
            1
        ],
        [
            13,
            1098,
            19,
            1,
            2
        ],
        [
            2,
            53,
            54,
            0,
            0
        ],
        [
            3,
            16,
            2,
            3,
            1
        ],
        [
            2,
            40,
            1,
            0,
            7
        ]
    ],
    "classification_report": {
        "Anger": {
            "precision": 0.5652173913043478,
            "recall": 0.36619718309859156,
            "f1-score": 0.4444444444444444,
            "support": 71.0
        },
        "Neutral": {
            "precision": 0.8784,
            "recall": 0.9691085613415711,
            "f1-score": 0.9215274863617289,
            "support": 1133.0
        },
        "Joy": {
            "precision": 0.7012987012987013,
            "recall": 0.4954128440366973,
            "f1-score": 0.5806451612903226,
            "support": 109.0
        },
        "Sadness": {
            "precision": 0.75,
            "recall": 0.12,
            "f1-score": 0.20689655172413793,
            "support": 25.0
        },
        "Fear": {
            "precision": 0.6363636363636364,
            "recall": 0.14,
            "f1-score": 0.22950819672131148,
            "support": 50.0
        },
        "accuracy": 0.8559077809798271,
        "macro avg": {
            "precision": 0.7062559457933371,
            "recall": 0.418143717695372,
            "f1-score": 0.476604368108389,
            "support": 1388.0
        },
        "weighted avg": {
            "precision": 0.837440471932528,
            "recall": 0.8559077809798271,
            "f1-score": 0.8325535618250783,
            "support": 1388.0
        }
    }
}