{
    "accuracy": 0.8609009009009009,
    "macro_avg_f1": 0.5599642322702879,
    "weighted_avg_f1": 0.8453027129590085,
    "confusion_matrix": [
        [
            49,
            83,
            3,
            5,
            2
        ],
        [
            14,
            2185,
            50,
            2,
            15
        ],
        [
            5,
            101,
            107,
            1,
            4
        ],
        [
            5,
            24,
            1,
            19,
            1
        ],
        [
            3,
            63,
            1,
            3,
            29
        ]
    ],
    "classification_report": {
        "Anger": {
            "precision": 0.6447368421052632,
            "recall": 0.34507042253521125,
            "f1-score": 0.44954128440366975,
            "support": 142.0
        },
        "Neutral": {
            "precision": 0.8896579804560261,
            "recall": 0.9642541924095323,
            "f1-score": 0.9254553155442609,
            "support": 2266.0
        },
        "Joy": {
            "precision": 0.6604938271604939,
            "recall": 0.4908256880733945,
            "f1-score": 0.5631578947368421,
            "support": 218.0
        },
        "Sadness": {
            "precision": 0.6333333333333333,
            "recall": 0.38,
            "f1-score": 0.475,
            "support": 50.0
        },
        "Fear": {
            "precision": 0.5686274509803921,
            "recall": 0.29292929292929293,
            "f1-score": 0.38666666666666666,
            "support": 99.0
        },
        "accuracy": 0.8609009009009009,
        "macro avg": {
            "precision": 0.6793698868071016,
            "recall": 0.49461591918948616,
            "f1-score": 0.5599642322702879,
            "support": 2775.0
        },
        "weighted avg": {
            "precision": 0.8430508302439694,
            "recall": 0.8609009009009009,
            "f1-score": 0.8453027129590085,
            "support": 2775.0
        }
    }
}