{
    "accuracy": 0.8436036036036036,
    "macro_avg_f1": 0.4992023686165753,
    "weighted_avg_f1": 0.826589942211076,
    "confusion_matrix": [
        [
            46,
            83,
            5,
            2,
            6
        ],
        [
            20,
            2162,
            59,
            9,
            16
        ],
        [
            5,
            112,
            97,
            2,
            2
        ],
        [
            5,
            22,
            1,
            15,
            7
        ],
        [
            6,
            71,
            0,
            1,
            21
        ]
    ],
    "classification_report": {
        "Anger": {
            "precision": 0.5609756097560976,
            "recall": 0.323943661971831,
            "f1-score": 0.4107142857142857,
            "support": 142.0
        },
        "Neutral": {
            "precision": 0.8824489795918368,
            "recall": 0.9541041482789056,
            "f1-score": 0.9168787107718406,
            "support": 2266.0
        },
        "Joy": {
            "precision": 0.5987654320987654,
            "recall": 0.44495412844036697,
            "f1-score": 0.5105263157894737,
            "support": 218.0
        },
        "Sadness": {
            "precision": 0.5172413793103449,
            "recall": 0.3,
            "f1-score": 0.379746835443038,
            "support": 50.0
        },
        "Fear": {
            "precision": 0.40384615384615385,
            "recall": 0.21212121212121213,
            "f1-score": 0.2781456953642384,
            "support": 99.0
        },
        "accuracy": 0.8436036036036036,
        "macro avg": {
            "precision": 0.5926555109206396,
            "recall": 0.4470246301624631,
            "f1-score": 0.4992023686165753,
            "support": 2775.0
        },
        "weighted avg": {
            "precision": 0.8200582438682107,
            "recall": 0.8436036036036036,
            "f1-score": 0.826589942211076,
            "support": 2775.0
        }
    }
}