{
    "train_loss": [
        1.0646745215535016,
        0.6860770858151951,
        0.6397967853563825,
        0.6102861082008654,
        0.5835311089369511,
        0.5609501256930961,
        0.544461068323133,
        0.5315312866227441,
        0.5123392358072314,
        0.5010431129278152,
        0.49147788699536743,
        0.4801810357272993,
        0.47154425945690154,
        0.4612495613426007,
        0.45210711659842867,
        0.4494676486449719,
        0.4408181365694487,
        0.4354771955125264,
        0.43112303629720167,
        0.4256663364076202,
        0.41870370024656334,
        0.41339906480057426,
        0.40699440833498873,
        0.4055727787675021,
        0.40216475791483197,
        0.39960647242694025,
        0.3899050769666659,
        0.385014473507814,
        0.3865709318808189,
        0.3791176694064264,
        0.3786628062022926,
        0.3751355064906208,
        0.37160467769955235,
        0.3621179082411329,
        0.3625037030251271,
        0.36159872498054735,
        0.35669622598826073,
        0.3500681192751131,
        0.34786169018195795,
        0.3462586035245134,
        0.3427771410970443,
        0.33875495147498785,
        0.34005988314655716,
        0.3331690707113893,
        0.3304285113095353,
        0.33033101794359415,
        0.32611928358029374,
        0.32349509698867207,
        0.3222482557165608,
        0.3194818463733671,
        0.3142178330768466,
        0.3105216733098251,
        0.3058544944267264,
        0.30584872730435486,
        0.3060805665326796,
        0.3081460412412108,
        0.303607316630143,
        0.29734346893131364,
        0.30243030737519117,
        0.2994210720039232,
        0.2986643093330751,
        0.2977975829422695,
        0.29155053475547044,
        0.2942836708371955,
        0.29106927280888717
    ],
    "train_acc": [
        0.8164400494437577,
        0.8164400494437577,
        0.8164400494437577,
        0.8170580964153276,
        0.8182941903584673,
        0.8204573547589616,
        0.823238566131026,
        0.8247836835599506,
        0.8328182941903585,
        0.8325092707045736,
        0.8349814585908529,
        0.8389987639060569,
        0.8386897404202719,
        0.8411619283065513,
        0.8451792336217553,
        0.8451792336217553,
        0.8467243510506799,
        0.8482694684796045,
        0.8482694684796045,
        0.8507416563658838,
        0.8513597033374537,
        0.8529048207663782,
        0.8544499381953028,
        0.8544499381953028,
        0.8572311495673671,
        0.8550679851668727,
        0.8624845488257108,
        0.8612484548825711,
        0.8593943139678616,
        0.8609394313967862,
        0.8661928306551298,
        0.8665018541409147,
        0.8661928306551298,
        0.8674289245982695,
        0.8705191594561187,
        0.8699011124845488,
        0.8717552533992583,
        0.8754635352286774,
        0.8760815822002472,
        0.8742274412855378,
        0.8800988875154512,
        0.8791718170580964,
        0.8754635352286774,
        0.8791718170580964,
        0.8816440049443758,
        0.8816440049443758,
        0.8838071693448702,
        0.8875154511742892,
        0.8878244746600742,
        0.8850432632880099,
        0.8865883807169345,
        0.8902966625463535,
        0.8881334981458591,
        0.8912237330037083,
        0.8918417799752781,
        0.8933868974042027,
        0.892459826946848,
        0.8915327564894932,
        0.892459826946848,
        0.892150803461063,
        0.8909147095179234,
        0.8943139678615575,
        0.8989493201483313,
        0.8989493201483313,
        0.8943139678615575
    ],
    "val_loss": [
        0.7209554853975257,
        0.6440859868134821,
        0.6105532579188389,
        0.5821256380775133,
        0.5587783422353289,
        0.5393614614387754,
        0.5226215786308651,
        0.5108602499583956,
        0.4998632070825835,
        0.49238404442666245,
        0.48420359782595457,
        0.47830063396640743,
        0.47282835016676605,
        0.4682524721285795,
        0.4644406634551991,
        0.4610787624928037,
        0.4580650008377493,
        0.45581573179201024,
        0.45341859160994935,
        0.4512049837483453,
        0.4501097162793624,
        0.4474684351287589,
        0.44618100322976234,
        0.44507878391818284,
        0.4440431141372373,
        0.4429143790896413,
        0.4410543187550921,
        0.43992294452719455,
        0.4387318805418372,
        0.43868356178748164,
        0.43744652020484637,
        0.43652293790314317,
        0.43565665309985707,
        0.4358593419580707,
        0.43504086729428953,
        0.43414198579293506,
        0.43384721892367867,
        0.43379062096392385,
        0.4330531833666546,
        0.43277853701575003,
        0.4327153508532631,
        0.43190493956422943,
        0.4324052162919333,
        0.43282708079052246,
        0.43242740287560893,
        0.43139560447646147,
        0.4304119549498434,
        0.4315420241452088,
        0.43168653440406757,
        0.431337156453806,
        0.4320418656902973,
        0.43054725422982865,
        0.4313141755995902,
        0.43083717199498706,
        0.43018148002088585,
        0.43123461894411863,
        0.4309875691143168,
        0.4305039700067009,
        0.43076682210999195,
        0.4309525845373742,
        0.43116335901471997,
        0.43070296483699455,
        0.4310454386111982,
        0.4310770123252264,
        0.43114306045540474
    ],
    "val_acc": [
        0.8162824207492796,
        0.8162824207492796,
        0.8170028818443804,
        0.819164265129683,
        0.8242074927953891,
        0.8306916426512968,
        0.8335734870317003,
        0.8371757925072046,
        0.8371757925072046,
        0.8386167146974063,
        0.8386167146974063,
        0.8378962536023055,
        0.8393371757925072,
        0.840057636887608,
        0.8422190201729106,
        0.845821325648415,
        0.8443804034582133,
        0.8451008645533141,
        0.8494236311239193,
        0.8465417867435159,
        0.8472622478386167,
        0.8501440922190202,
        0.8487031700288185,
        0.8487031700288185,
        0.8515850144092219,
        0.8494236311239193,
        0.8515850144092219,
        0.8515850144092219,
        0.8537463976945245,
        0.8530259365994236,
        0.8523054755043228,
        0.8523054755043228,
        0.8551873198847262,
        0.8530259365994236,
        0.8530259365994236,
        0.8544668587896254,
        0.8544668587896254,
        0.8551873198847262,
        0.8537463976945245,
        0.8595100864553314,
        0.8559077809798271,
        0.8559077809798271,
        0.8573487031700289,
        0.8602305475504323,
        0.8587896253602305,
        0.8602305475504323,
        0.8573487031700289,
        0.8580691642651297,
        0.8587896253602305,
        0.8609510086455331,
        0.8602305475504323,
        0.8559077809798271,
        0.8580691642651297,
        0.8566282420749279,
        0.8580691642651297,
        0.8587896253602305,
        0.8587896253602305,
        0.8559077809798271,
        0.8580691642651297,
        0.8580691642651297,
        0.8573487031700289,
        0.8566282420749279,
        0.8573487031700289,
        0.8573487031700289,
        0.8573487031700289
    ],