{
    "train_loss": [
        1.452062708927763,
        1.2317797067138851,
        1.176996261581355,
        1.1209317849504639,
        1.0854021802968237,
        1.0520263743783693,
        1.0160166456908615,
        0.9867452663750524,
        0.9539062275432686,
        0.9376559254560246,
        0.9228524066167061,
        0.9029498928409572,
        0.8901176211713123,
        0.8734795799287789,
        0.8648047423996353,
        0.8534788382510172,
        0.8370448813597557,
        0.8309295289080282,
        0.8205563671361973,
        0.8021451922591744,
        0.8036151770755593,
        0.7898052141936069,
        0.7872822090191364,
        0.7725987576031125,
        0.771517364439475,
        0.7565476632457139,
        0.7584822085054018,
        0.7490648342519814,
        0.743716309406554,
        0.7214766872680674,
        0.720482349248398,
        0.7166499156960745,
        0.7042912207866187,
        0.723270489144679,
        0.7011374516322822,
        0.6958757890169641,
        0.6962180446709042,
        0.6866074330800838,
        0.6767608643462248,
        0.6809164587735246,
        0.6717438057746522,
        0.668436213609462,
        0.6618525712245474,
        0.6471861459047744,
        0.6450469023070318,
        0.643171652359485,
        0.6427862546205226,
        0.6369355574010771,
        0.6239209737264918,
        0.6237795878989145,
        0.6230248653770819,
        0.6122153121402444,
        0.6195601957984849,
        0.6132734684625868
    ],
    "train_acc": [
        0.7237330037082819,
        0.8158220024721878,
        0.8167490729295427,
        0.8164400494437577,
        0.8136588380716935,
        0.8096415327564895,
        0.811495673671199,
        0.8164400494437577,
        0.8130407911001236,
        0.8124227441285538,
        0.811495673671199,
        0.8090234857849197,
        0.8090234857849197,
        0.8130407911001236,
        0.8102595797280593,
        0.8124227441285538,
        0.8133498145859085,
        0.8124227441285538,
        0.8090234857849197,
        0.8179851668726823,
        0.815512978986403,
        0.8179851668726823,
        0.822929542645241,
        0.822929542645241,
        0.8207663782447466,
        0.8201483312731768,
        0.8275648949320148,
        0.8235475896168108,
        0.823238566131026,
        0.8210754017305315,
        0.823238566131026,
        0.823238566131026,
        0.8275648949320148,
        0.8272558714462299,
        0.8263288009888752,
        0.8284919653893696,
        0.8263288009888752,
        0.8284919653893696,
        0.830964153275649,
        0.8294190358467244,
        0.8318912237330037,
        0.8322002472187886,
        0.8322002472187886,
        0.8374536464771323,
        0.834672435105068,
        0.8362175525339925,
        0.8312731767614339,
        0.8331273176761433,
        0.8430160692212608,
        0.838380716934487,
        0.8408529048207664,
        0.8396168108776267,
        0.8393077873918418,
        0.8436341161928307
    ],
    "val_loss": [
        1.2745341007578956,
        1.1749642204482549,
        1.1244044403521403,
        1.080909591758629,
        1.0443346850810202,
        1.0152959002541533,
        0.9894816080156595,
        0.9672636125204542,
        0.9475714021526084,
        0.9329226047917127,
        0.9206622292741231,
        0.910415731520749,
        0.8991870002375556,
        0.8909111684268765,
        0.8840006825216222,
        0.877230355993815,
        0.8719287452848913,
        0.8674292468200155,
        0.8618148956930947,
        0.8575919564244383,
        0.8542154649492643,
        0.8509360465948451,
        0.8481832014380684,
        0.8449009531513071,
        0.842586613354147,
        0.8411243757184713,
        0.8387162439761313,
        0.835450698731612,
        0.8332892457071573,
        0.8333127914313281,
        0.8309402022650331,
        0.8302746643594088,
        0.8303795302292112,
        0.8276402883296055,
        0.8265643727882451,
        0.8248797335610953,
        0.8239357102157747,
        0.8237865565489624,
        0.8237054746501384,
        0.8240229483983702,
        0.8219433325511921,
        0.8241107860628397,
        0.8219868609472379,
        0.8209729500394046,
        0.8221549101453006,
        0.821944634921269,
        0.821411803064154,
        0.8235067654755343,
        0.8222501595700509,
        0.8215328169830938,
        0.8218574271421955,
        0.8217344699744189,
        0.8218778127895652,
        0.822236998280462
    ],
    "val_acc": [
        0.8155619596541787,
        0.8155619596541787,
        0.819164265129683,
        0.8227665706051873,
        0.8234870317002881,
        0.8162824207492796,
        0.8076368876080692,
        0.80835734870317,
        0.8097982708933718,
        0.8061959654178674,
        0.8040345821325648,
        0.8054755043227666,
        0.8054755043227666,
        0.80835734870317,
        0.8004322766570605,
        0.8025936599423631,
        0.7989913544668588,
        0.7961095100864554,
        0.8018731988472623,
        0.8004322766570605,
        0.7953890489913544,
        0.8025936599423631,
        0.8040345821325648,
        0.8011527377521613,
        0.7867435158501441,
        0.7989913544668588,
        0.7968299711815562,
        0.7989913544668588,
        0.7946685878962536,
        0.8018731988472623,
        0.7932276657060519,
        0.7896253602305475,
        0.7968299711815562,
        0.7845821325648416,
        0.7961095100864554,
        0.797550432276657,
        0.7968299711815562,
        0.7953890489913544,
        0.7968299711815562,
        0.7932276657060519,
        0.7946685878962536,
        0.7932276657060519,
        0.8004322766570605,
        0.7982708933717579,
        0.8018731988472623,
        0.792507204610951,
        0.7917867435158501,
        0.8025936599423631,
        0.7946685878962536,
        0.7982708933717579,
        0.7961095100864554,
        0.7953890489913544,
        0.7968299711815562,
        0.7953890489913544
    ],
    "learning_rate": [
        0.0001,
        0.0001,
        0.0001,
        0.0001,
        0.0001,
        0.0001,
        0.0001,
        0.0001,
        0.0001,
        0.0001,
        0.0001,
        0.0001,
        0.0001,
        0.0001,
        0.0001,
        0.0001,
        0.0001,
        0.0001,
        0.0001,
        0.0001,
        0.0001,
        0.0001,
        0.0001,
        0.0001,
        0.0001,
        0.0001,
        0.0001,
        0.0001,
        0.0001,
        0.0001,
        0.0001,
        0.0001,
        0.0001,
        0.0001,
        0.0001,
        0.0001,
        0.0001,
        0.0001,
        0.0001,
        0.0001,
        0.0001,
        0.0001,
        0.0001,
        0.0001,
        0.0001,
        0.0001,
        0.0001,
        5e-05,
        5e-05,
        5e-05,
        5e-05,
        2.5e-05,
        2.5e-05,
        2.5e-05
    ]
}