{
    "train_loss": [
        1.4955941104181618,
        1.2859524677062064,
        1.2386917197070693,
        1.201293059126261,
        1.1667135929589807,
        1.1217070719220288,
        1.0952052196259847,
        1.0448292810631035,
        1.0251032259540889,
        0.9937188037393709,
        0.9748687485902949,
        0.9403085906440749,
        0.9209624263647902,
        0.9033236244258244,
        0.8852637584778228,
        0.8717787642082561,
        0.8544395006778656,
        0.8333840216193418,
        0.8186985369223747,
        0.8151699898048443,
        0.7931278312604124,
        0.7719828588853513,
        0.7723382663520512,
        0.7539642410461039,
        0.7393493938210278,
        0.7308265488359925,
        0.7239366407668487,
        0.7122879004743692,
        0.7064001653780896,
        0.6963346354451551,
        0.6830564159416445,
        0.6750403694228277,
        0.664556377824069,
        0.6577316111112554,
        0.6501642851658598,
        0.6374479871892517,
        0.6378962550823415,
        0.619289644642725,
        0.6199551857777668,
        0.6184243903171883,
        0.606085142371681,
        0.6011348582610802,
        0.5869329926110022,
        0.5793332600475684,
        0.5782919724291128,
        0.5689096663363638,
        0.5615906493625475,
        0.5524069811637675,
        0.5507643150973821,
        0.5351357026985756,
        0.5345738336757028,
        0.5262703403038501,
        0.5215833498019959,
        0.5243153886683055,
        0.5264616685980478,
        0.5119920023550062,
        0.522851743200064
    ],
    "train_acc": [
        0.7320766378244746,
        0.8164400494437577,
        0.8164400494437577,
        0.8164400494437577,
        0.8167490729295427,
        0.8173671199011124,
        0.8201483312731768,
        0.8247836835599506,
        0.8288009888751545,
        0.8343634116192831,
        0.8340543881334982,
        0.8368355995055624,
        0.8359085290482077,
        0.8365265760197775,
        0.8374536464771323,
        0.8399258343634116,
        0.8371446229913473,
        0.8386897404202719,
        0.8430160692212608,
        0.8402348578491965,
        0.845797280593325,
        0.8488875154511742,
        0.8389987639060569,
        0.8467243510506799,
        0.8488875154511742,
        0.8532138442521632,
        0.850123609394314,
        0.8476514215080346,
        0.8470333745364648,
        0.8513597033374537,
        0.8569221260815822,
        0.8581582200247219,
        0.8553770086526576,
        0.8525957972805933,
        0.8550679851668727,
        0.8566131025957973,
        0.8618665018541409,
        0.861557478368356,
        0.8600123609394313,
        0.8665018541409147,
        0.8686650185414091,
        0.8683559950556242,
        0.8699011124845488,
        0.8708281829419036,
        0.8646477132262052,
        0.8689740420271941,
        0.8711372064276885,
        0.8754635352286774,
        0.8766996291718171,
        0.8736093943139679,
        0.8745364647713226,
        0.8757725587144622,
        0.8760815822002472,
        0.8791718170580964,
        0.8751545117428925,
        0.8794808405438813,
        0.8794808405438813
    ],
    "val_loss": [
        1.3578349142321935,
        1.2409995729023167,
        1.2021562170226567,
        1.165612703956857,
        1.1294600216387327,
        1.095288497226726,
        1.0642049874283739,
        1.0351435399536442,
        1.0098405818774308,
        0.9841951439291324,
        0.9633857138905814,
        0.9429836006947828,
        0.9267670482998279,
        0.910467170844504,
        0.8969166680783978,
        0.8844123936180422,
        0.872852447053541,
        0.8626274506021989,
        0.8546449870128796,
        0.8432520569573219,
        0.8359309821376196,
        0.8296765238476075,
        0.8228089173863875,
        0.8161749884443256,
        0.81020029417376,
        0.8068933915507897,
        0.801293342017303,
        0.7964890349323537,
        0.7912576093797381,
        0.7897066314213558,
        0.7849924210512672,
        0.7831847006374546,
        0.7786597117395153,
        0.7763177082586701,
        0.7735386825775894,
        0.7735704303818408,
        0.7690867590972944,
        0.7689074033962546,
        0.768356301942545,
        0.7672711974949246,
        0.7659449831553082,
        0.7652009457607434,
        0.7664556474953632,
        0.7599913373976002,
        0.7622817478193673,
        0.7596861720085144,
        0.7579464993147067,
        0.7584207162733381,
        0.7601481880509544,
        0.7586514116707728,
        0.7597604032380436,
        0.760972075056961,
        0.7580344194294053,
        0.7593878815943639,
        0.7579681396656146,
        0.7582650666449874,
        0.7581230980862115
    ],
    "val_acc": [
        0.8162824207492796,
        0.8162824207492796,
        0.8162824207492796,
        0.8162824207492796,
        0.8184438040345822,
        0.8227665706051873,
        0.8256484149855908,
        0.8321325648414986,
        0.8285302593659942,
        0.8314121037463977,
        0.8306916426512968,
        0.8321325648414986,
        0.8321325648414986,
        0.829971181556196,
        0.8278097982708934,
        0.829250720461095,
        0.8350144092219021,
        0.8306916426512968,
        0.8256484149855908,
        0.8321325648414986,
        0.8335734870317003,
        0.8314121037463977,
        0.8350144092219021,
        0.8335734870317003,
        0.8335734870317003,
        0.8364553314121037,
        0.8335734870317003,
        0.8350144092219021,
        0.8371757925072046,
        0.8422190201729106,
        0.840057636887608,
        0.8414985590778098,
        0.8378962536023055,
        0.8335734870317003,
        0.8393371757925072,
        0.8371757925072046,
        0.8371757925072046,
        0.8371757925072046,
        0.8357348703170029,
        0.8342939481268011,
        0.8364553314121037,
        0.8364553314121037,
        0.8342939481268011,
        0.8270893371757925,
        0.8357348703170029,
        0.8328530259365994,
        0.8314121037463977,
        0.8342939481268011,
        0.8335734870317003,
        0.8321325648414986,
        0.8321325648414986,
        0.8350144092219021,
        0.829971181556196,
        0.8335734870317003,
        0.8306916426512968,
        0.8314121037463977,
        0.8314121037463977
    ],
    "learning_rate": [
        0.0001,
        0.0001,
        0.0001,
        0.0001,
        0.0001,
        0.0001,
        0.0001,
        0.0001,
        0.0001,
        0.0001,
        0.0001,
        0.0001,
        0.0001,
        0.0001,
        0.0001,
        0.0001,
        0.0001,
        0.0001,
        0.0001,
        0.0001,
        0.0001,
        0.0001,
        0.0001,
        0.0001,
        0.0001,
        0.0001,
        0.0001,
        0.0001,
        0.0001,
        0.0001,
        0.0001,
        0.0001,
        0.0001,
        0.0001,
        0.0001,
        0.0001,
        0.0001,
        0.0001,
        0.0001,
        0.0001,
        0.0001,
        0.0001,
        0.0001,
        0.0001,
        0.0001,
        0.0001,
        0.0001,
        0.0001,
        0.0001,
        0.0001,
        5e-05,
        5e-05,
        5e-05,
        5e-05,
        2.5e-05,
        2.5e-05,
        2.5e-05
    ]
}