{
    "train_loss": [
        1.538862723649948,
        1.3784708708561542,
        1.2816320679833184,
        1.2525915639067462,
        1.2338705946252726,
        1.2087619403384082,
        1.1780399959373238,
        1.1661640943496572,
        1.142520483845686,
        1.1098540708956819,
        1.0866797477264782,
        1.0679537321640034,
        1.0467083659690744,
        1.0328484104649245,
        1.0150104526830988,
        1.0043014874785439,
        0.9825552374087688,
        0.9770970645145374,
        0.9713375714270235,
        0.9483851813268013,
        0.9371552583018988,
        0.9207741737881461,
        0.9116891797157683,
        0.8931711217381604,
        0.8846719342344919,
        0.878605367963482,
        0.8674712552423088,
        0.8553995527281013,
        0.8594601704325753,
        0.8459242348028496,
        0.8391808212466528,
        0.8265754763216554,
        0.8229435974794206,
        0.8169831172350164,
        0.8097106565356402,
        0.8103225710070767,
        0.791165791571656,
        0.7936319602729364,
        0.7907572577261954,
        0.7767380318697658,
        0.7700474626938404,
        0.7645770488180248,
        0.761202392236264,
        0.7502438862922017,
        0.7389492047731897,
        0.7426251242644117,
        0.7329127936265967,
        0.7265243904552294,
        0.714713139922274,
        0.7109565480677837,
        0.7168006919812507,
        0.7075701599068046,
        0.7066317704242593,
        0.6919375010230779,
        0.6902256850038088,
        0.6861269176743087,
        0.6852428545468523,
        0.6827467941530555,
        0.6680406264417399,
        0.6632934764156531,
        0.6620550189531041,
        0.6604988301640241,
        0.6517141718873282,
        0.6491984250887363,
        0.6486586940155925,
        0.6339302326751728,
        0.6298391389463681,
        0.6304874726662087,
        0.6332090074848038,
        0.6243923137744956,
        0.6203363403696359,
        0.6216242233445529,
        0.6195206383913203
    ],
    "train_acc": [
        0.7972805933250927,
        0.8164400494437577,
        0.8164400494437577,
        0.8164400494437577,
        0.8164400494437577,
        0.8164400494437577,
        0.8164400494437577,
        0.8167490729295427,
        0.818912237330037,
        0.8216934487021014,
        0.8244746600741656,
        0.8263288009888752,
        0.8288009888751545,
        0.8272558714462299,
        0.8272558714462299,
        0.826946847960445,
        0.8288009888751545,
        0.8343634116192831,
        0.8294190358467244,
        0.830964153275649,
        0.830964153275649,
        0.830655129789864,
        0.8349814585908529,
        0.8278739184177998,
        0.8303461063040791,
        0.8322002472187886,
        0.82663782447466,
        0.8281829419035847,
        0.830655129789864,
        0.8294190358467244,
        0.8288009888751545,
        0.8318912237330037,
        0.826946847960445,
        0.8328182941903585,
        0.8315822002472187,
        0.8343634116192831,
        0.8355995055624228,
        0.8325092707045736,
        0.8355995055624228,
        0.8355995055624228,
        0.8343634116192831,
        0.8371446229913473,
        0.8386897404202719,
        0.834672435105068,
        0.8396168108776267,
        0.8294190358467244,
        0.8380716934487021,
        0.8365265760197775,
        0.8389987639060569,
        0.8402348578491965,
        0.8417799752781211,
        0.8374536464771323,
        0.8408529048207664,
        0.838380716934487,
        0.8399258343634116,
        0.8433250927070457,
        0.8430160692212608,
        0.8451792336217553,
        0.8402348578491965,
        0.84610630407911,
        0.842398022249691,
        0.8408529048207664,
        0.8454882571075402,
        0.8436341161928307,
        0.8430160692212608,
        0.8507416563658838,
        0.8498145859085291,
        0.8473423980222496,
        0.8454882571075402,
        0.8442521631644005,
        0.8491965389369592,
        0.8516687268232386,
        0.8482694684796045
    ],
    "val_loss": [
        1.455867989949603,
        1.3090280418093678,
        1.257147436183193,
        1.2302209107951403,
        1.2051729510084697,
        1.1790511197590348,
        1.1534482780038795,
        1.129374833546729,
        1.10617022899111,
        1.084366348188274,
        1.0640617145241509,
        1.0453005163401623,
        1.027801721515161,
        1.0119239880303486,
        0.9980777048583677,
        0.9837457551392766,
        0.9714956845261522,
        0.960992970452872,
        0.9505827188148279,
        0.9409044510349417,
        0.9319074224326384,
        0.9235917127098061,
        0.9159743969653457,
        0.9088608679235497,
        0.9019763897406609,
        0.8952090731615292,
        0.8908048349429963,
        0.8846122519427143,
        0.8793800586582261,
        0.87504450405709,
        0.8714263387647073,
        0.8674531434729739,
        0.8637082176524555,
        0.859727570062412,
        0.8557461282018283,
        0.8534220840127049,
        0.8515060631617345,
        0.8472234266635664,
        0.8452900033175773,
        0.8425806470494449,
        0.8406726089265917,
        0.8384238038351625,
        0.8360958166356045,
        0.8336559090044038,
        0.833284558153977,
        0.8308721669125626,
        0.8298751592464337,
        0.8280317235405232,
        0.827268579593653,
        0.8251786225982634,
        0.8247614954665347,
        0.823606840471713,
        0.8222560439398378,
        0.8216753994525338,
        0.8223763482714936,
        0.8211031123265753,
        0.8213120811439042,
        0.8188852465977243,
        0.8182950882128405,
        0.8177768004043645,
        0.8183570102243671,
        0.8189504516743102,
        0.8162122018399087,
        0.8162853074520396,
        0.8172939685133074,
        0.8177988779132579,
        0.8177766130018647,
        0.8170753795578432,
        0.8169013438719493,
        0.8179432513562678,
        0.8179432163149204,
        0.8177471087027008,
        0.8180081030992679
    ],