{
    "train_loss": [
        1.5552786394161702,
        1.3730243445916288,
        1.2742200931453587,
        1.2502115334214916,
        1.212445295269616,
        1.191386927780321,
        1.1713010743168288,
        1.1335321510088605,
        1.1126254047318942,
        1.0767792461092305,
        1.0672314351951826,
        1.04195313109603,
        1.0217901131204976,
        1.0083061135448839,
        0.9849662572992747,
        0.9734534894211773,
        0.9449877131117879,
        0.9301597680827448,
        0.9249733671711755,
        0.9098991627156808,
        0.8958026191360134,
        0.892201432928314,
        0.8683391796201652,
        0.8697425810751426,
        0.8520158415819128,
        0.8390966213235749,
        0.8289688389808197,
        0.8176151203136657,
        0.8153039260833019,
        0.7906597874073222,
        0.7994454933332719,
        0.7763868081849644,
        0.7726821638597694,
        0.7610054934127959,
        0.7587181031335565,
        0.7508123171123203,
        0.7378452005065121,
        0.734313700343534,
        0.7282474712182034,
        0.7314011909905705,
        0.7272753012084548,
        0.6999557404347196,
        0.703014278441336,
        0.7017782817149192,
        0.6915495884875285,
        0.6888109811377908,
        0.677226278484236,
        0.6836160670399518,
        0.676244994857992,
        0.6557051885702702,
        0.6456754799973685,
        0.6498269842493225,
        0.6453467714698117,
        0.641205474863241,
        0.6361397335349556,
        0.6320567280606669,
        0.6214339977731221,
        0.6203568818690014,
        0.6227796884122384,
        0.6043756364744585,
        0.6032571961322732,
        0.5946660317913416,
        0.6009289311390136,
        0.5956351504798136,
        0.5879163904154698,
        0.5933173623751061,
        0.5774087083464942,
        0.5913644891660499,
        0.5789842353799877,
        0.585074741241369,
        0.5830528094019967,
        0.5716397029213027,
        0.578431449107577
    ],
    "train_acc": [
        0.5747836835599506,
        0.8164400494437577,
        0.8164400494437577,
        0.8164400494437577,
        0.8161310259579728,
        0.8164400494437577,
        0.8158220024721878,
        0.8170580964153276,
        0.8223114956736712,
        0.8223114956736712,
        0.8244746600741656,
        0.8288009888751545,
        0.826946847960445,
        0.8288009888751545,
        0.8325092707045736,
        0.8284919653893696,
        0.8331273176761433,
        0.8312731767614339,
        0.8300370828182941,
        0.8325092707045736,
        0.830655129789864,
        0.8368355995055624,
        0.8340543881334982,
        0.8343634116192831,
        0.8380716934487021,
        0.8352904820766378,
        0.8374536464771323,
        0.8349814585908529,
        0.8365265760197775,
        0.8337453646477132,
        0.8362175525339925,
        0.8322002472187886,
        0.8374536464771323,
        0.8408529048207664,
        0.8389987639060569,
        0.8402348578491965,
        0.8405438813349815,
        0.8389987639060569,
        0.8377626699629172,
        0.8436341161928307,
        0.8368355995055624,
        0.8479604449938195,
        0.8405438813349815,
        0.8445611866501854,
        0.8414709517923362,
        0.8448702101359703,
        0.8485784919653894,
        0.8442521631644005,
        0.8473423980222496,
        0.8522867737948084,
        0.8513597033374537,
        0.8581582200247219,
        0.8507416563658838,
        0.8529048207663782,
        0.8504326328800988,
        0.8569221260815822,
        0.8498145859085291,
        0.8544499381953028,
        0.8556860321384425,
        0.8559950556242274,
        0.8544499381953028,
        0.8618665018541409,
        0.8566131025957973,
        0.8569221260815822,
        0.8572311495673671,
        0.8563040791100124,
        0.8618665018541409,
        0.8637206427688504,
        0.8597033374536465,
        0.8609394313967862,
        0.8637206427688504,
        0.8618665018541409,
        0.8677379480840544
    ],
    "val_loss": [
        1.4597745443283652,
        1.3019317367921988,
        1.2538839173248246,
        1.2259048517224425,
        1.198156984292121,
        1.171363930537309,
        1.1451091888315053,
        1.1206709012518012,
        1.0977919022700284,
        1.0761509518801995,
        1.0571415192455655,
        1.0389586492986431,
        1.022349646524325,
        1.0065419627541423,
        0.9923080374253243,
        0.979494838274865,
        0.9671415014981536,
        0.9562888693397258,
        0.9461381583117614,
        0.9368641230489747,
        0.928182160648214,
        0.9205493463219414,
        0.9142399926694051,
        0.9067437537121842,
        0.9011721018411928,
        0.8954623729763526,
        0.8902189707549917,
        0.8860403650603995,
        0.8816469418212385,
        0.8779388989083018,
        0.8741985996621486,
        0.8705604994503153,
        0.866948205730757,
        0.8640979409046063,
        0.8608128409564323,
        0.8581268899894242,
        0.8561527861298333,
        0.8541988079417336,
        0.8510839386872668,
        0.848499505423675,
        0.8465117143107422,
        0.8461975347068192,
        0.8439593450823847,
        0.8432363697706107,
        0.8416632914577507,
        0.8401573965116605,
        0.8402446029165637,
        0.8389774233703998,
        0.8384320449932164,
        0.8367857793909672,
        0.8364324069847635,
        0.8351741839382766,
        0.835200241216665,
        0.8341308468872257,
        0.8358256828029149,
        0.8344705635601231,
        0.833257448776311,
        0.8345094005381339,
        0.8340768696423566,
        0.835544095001578,
        0.8350266209596859,
        0.8336096685970208,
        0.8331677042785227,
        0.8339593322029718,
        0.833858180887761,
        0.8340578098118477,
        0.8334731585010672,
        0.8338424925845364,
        0.8342476015647482,
        0.8345128320994913,
        0.834160538932432,
        0.8343309772117681,
        0.8344066930607348
    ],