{
    "accuracy": 0.797550432276657,
    "macro_avg_f1": 0.46816053333721835,
    "weighted_avg_f1": 0.7992790514287744,
    "confusion_matrix": [
        [
            31,
            34,
            3,
            2,
            1
        ],
        [
            33,
            1005,
            59,
            13,
            23
        ],
        [
            9,
            47,
            50,
            2,
            1
        ],
        [
            5,
            4,
            2,
            11,
            3
        ],
        [
            3,
            29,
            1,
            7,
            10
        ]
    ],
    "classification_report": {
        "Anger": {
            "precision": 0.38271604938271603,
            "recall": 0.43661971830985913,
            "f1-score": 0.40789473684210525,
            "support": 71.0
        },
        "Neutral": {
            "precision": 0.8981233243967829,
            "recall": 0.8870255957634599,
            "f1-score": 0.8925399644760214,
            "support": 1133.0
        },
        "Joy": {
            "precision": 0.43478260869565216,
            "recall": 0.45871559633027525,
            "f1-score": 0.44642857142857145,
            "support": 109.0
        },
        "Sadness": {
            "precision": 0.3142857142857143,
            "recall": 0.44,
            "f1-score": 0.36666666666666664,
            "support": 25.0
        },
        "Fear": {
            "precision": 0.2631578947368421,
            "recall": 0.2,
            "f1-score": 0.22727272727272727,
            "support": 50.0
        },
        "accuracy": 0.797550432276657,
        "macro avg": {
            "precision": 0.45861311829954154,
            "recall": 0.48447218208071885,
            "f1-score": 0.46816053333721835,
            "support": 1388.0
        },
        "weighted avg": {
            "precision": 0.8019833631048551,
            "recall": 0.797550432276657,
            "f1-score": 0.7992790514287744,
            "support": 1388.0
        }
    }
}