{
    "accuracy": 0.8277477477477477,
    "macro_avg_f1": 0.578125753909135,
    "weighted_avg_f1": 0.835496337330916,
    "confusion_matrix": [
        [
            76,
            48,
            4,
            6,
            8
        ],
        [
            67,
            2004,
            97,
            25,
            73
        ],
        [
            7,
            64,
            142,
            3,
            2
        ],
        [
            5,
            10,
            5,
            27,
            3
        ],
        [
            10,
            34,
            4,
            3,
            48
        ]
    ],
    "classification_report": {
        "Anger": {
            "precision": 0.46060606060606063,
            "recall": 0.5352112676056338,
            "f1-score": 0.495114006514658,
            "support": 142.0
        },
        "Neutral": {
            "precision": 0.9277777777777778,
            "recall": 0.884377758164166,
            "f1-score": 0.9055580659737912,
            "support": 2266.0
        },
        "Joy": {
            "precision": 0.5634920634920635,
            "recall": 0.6513761467889908,
            "f1-score": 0.6042553191489362,
            "support": 218.0
        },
        "Sadness": {
            "precision": 0.421875,
            "recall": 0.54,
            "f1-score": 0.47368421052631576,
            "support": 50.0
        },
        "Fear": {
            "precision": 0.3582089552238806,
            "recall": 0.48484848484848486,
            "f1-score": 0.41201716738197425,
            "support": 99.0
        },
        "accuracy": 0.8277477477477477,
        "macro avg": {
            "precision": 0.5463919714199565,
            "recall": 0.6191627314814551,
            "f1-score": 0.578125753909135,
            "support": 2775.0
        },
        "weighted avg": {
            "precision": 0.8458191753005186,
            "recall": 0.8277477477477477,
            "f1-score": 0.835496337330916,
            "support": 2775.0
        }
    }
}