{
    "accuracy": 0.8663063063063063,
    "macro_avg_f1": 0.5747123355018957,
    "weighted_avg_f1": 0.8542084082074362,
    "confusion_matrix": [
        [
            69,
            67,
            3,
            0,
            3
        ],
        [
            27,
            2176,
            44,
            3,
            16
        ],
        [
            6,
            100,
            112,
            0,
            0
        ],
        [
            5,
            23,
            5,
            13,
            4
        ],
        [
            7,
            54,
            3,
            1,
            34
        ]
    ],
    "classification_report": {
        "Anger": {
            "precision": 0.6052631578947368,
            "recall": 0.4859154929577465,
            "f1-score": 0.5390625,
            "support": 142.0
        },
        "Neutral": {
            "precision": 0.8991735537190083,
            "recall": 0.9602824360105914,
            "f1-score": 0.9287238583013231,
            "support": 2266.0
        },
        "Joy": {
            "precision": 0.6706586826347305,
            "recall": 0.5137614678899083,
            "f1-score": 0.5818181818181818,
            "support": 218.0
        },
        "Sadness": {
            "precision": 0.7647058823529411,
            "recall": 0.26,
            "f1-score": 0.3880597014925373,
            "support": 50.0
        },
        "Fear": {
            "precision": 0.5964912280701754,
            "recall": 0.3434343434343434,
            "f1-score": 0.4358974358974359,
            "support": 99.0
        },
        "accuracy": 0.8663063063063063,
        "macro avg": {
            "precision": 0.7072585009343184,
            "recall": 0.5126787480585179,
            "f1-score": 0.5747123355018957,
            "support": 2775.0
        },
        "weighted avg": {
            "precision": 0.8529607782556005,
            "recall": 0.8663063063063063,
            "f1-score": 0.8542084082074362,
            "support": 2775.0
        }
    }
}