{
    "accuracy": 0.8220461095100865,
    "macro_avg_f1": 0.518394293598913,
    "weighted_avg_f1": 0.8248182928059907,
    "confusion_matrix": [
        [
            34,
            27,
            3,
            1,
            6
        ],
        [
            28,
            1014,
            64,
            5,
            22
        ],
        [
            4,
            31,
            72,
            2,
            0
        ],
        [
            7,
            3,
            2,
            9,
            4
        ],
        [
            5,
            29,
            1,
            3,
            12
        ]
    ],
    "classification_report": {
        "Anger": {
            "precision": 0.4358974358974359,
            "recall": 0.4788732394366197,
            "f1-score": 0.4563758389261745,
            "support": 71.0
        },
        "Neutral": {
            "precision": 0.9184782608695652,
            "recall": 0.8949691085613416,
            "f1-score": 0.9065713008493518,
            "support": 1133.0
        },
        "Joy": {
            "precision": 0.5070422535211268,
            "recall": 0.6605504587155964,
            "f1-score": 0.5737051792828686,
            "support": 109.0
        },
        "Sadness": {
            "precision": 0.45,
            "recall": 0.36,
            "f1-score": 0.4,
            "support": 25.0
        },
        "Fear": {
            "precision": 0.2727272727272727,
            "recall": 0.24,
            "f1-score": 0.2553191489361702,
            "support": 50.0
        },
        "accuracy": 0.8220461095100865,
        "macro avg": {
            "precision": 0.5168290446030801,
            "recall": 0.5268785613427115,
            "f1-score": 0.518394293598913,
            "support": 1388.0
        },
        "weighted avg": {
            "precision": 0.8297828218905633,
            "recall": 0.8220461095100865,
            "f1-score": 0.8248182928059907,
            "support": 1388.0
        }
    }
}