{
    "accuracy": 0.8684684684684685,
    "macro_avg_f1": 0.5756017372563511,
    "weighted_avg_f1": 0.8543168509846099,
    "confusion_matrix": [
        [
            54,
            75,
            4,
            5,
            4
        ],
        [
            15,
            2190,
            45,
            1,
            15
        ],
        [
            3,
            94,
            119,
            1,
            1
        ],
        [
            5,
            25,
            1,
            18,
            1
        ],
        [
            7,
            60,
            1,
            2,
            29
        ]
    ],
    "classification_report": {
        "Anger": {
            "precision": 0.6428571428571429,
            "recall": 0.38028169014084506,
            "f1-score": 0.4778761061946903,
            "support": 142.0
        },
        "Neutral": {
            "precision": 0.8960720130932897,
            "recall": 0.9664607237422771,
            "f1-score": 0.9299363057324841,
            "support": 2266.0
        },
        "Joy": {
            "precision": 0.7,
            "recall": 0.5458715596330275,
            "f1-score": 0.6134020618556701,
            "support": 218.0
        },
        "Sadness": {
            "precision": 0.6666666666666666,
            "recall": 0.36,
            "f1-score": 0.4675324675324675,
            "support": 50.0
        },
        "Fear": {
            "precision": 0.58,
            "recall": 0.29292929292929293,
            "f1-score": 0.38926174496644295,
            "support": 99.0
        },
        "accuracy": 0.8684684684684685,
        "macro avg": {
            "precision": 0.6971191645234198,
            "recall": 0.5091086532890885,
            "f1-score": 0.5756017372563511,
            "support": 2775.0
        },
        "weighted avg": {
            "precision": 0.8523020646084477,
            "recall": 0.8684684684684685,
            "f1-score": 0.8543168509846099,
            "support": 2775.0
        }
    }
}