{
    "train_loss": [
        1.4342580825937694,
        1.2806663996504322,
        1.2381705091379775,
        1.2292073722675498,
        1.2067851111826997,
        1.185097748328493,
        1.156538806385988,
        1.1326553021432149,
        1.1166683398601593,
        1.1024684300381409,
        1.083007800269628,
        1.0599070630497927,
        1.047039355571544,
        1.0368008889506568,
        1.0205791641961512,
        1.0001532153234494,
        0.9876435678291084,
        0.9693750612373258,
        0.9592850797697994,
        0.94576027808879,
        0.9255017997013182,
        0.9197151739016747,
        0.9087389063628849,
        0.9059607549415089,
        0.8990642537071619,
        0.8837155119892398,
        0.8760061165310986,
        0.8648773019923858,
        0.8504607652225364,
        0.8485268028763817,
        0.8404644472047926,
        0.8398422212403254,
        0.8310870971756311,
        0.8167491543425618,
        0.8039058953044735,
        0.8175223216285517,
        0.8037073306822217,
        0.7897624750661909,
        0.7825523730187834,
        0.7808651655212469,
        0.7811005600303301,
        0.7670738568854125,
        0.7688766911312735,
        0.761495744636828,
        0.756367775580497,
        0.7467795991337638,
        0.7385995430026862,
        0.7370779011099241,
        0.7255935945970609,
        0.7335730154523153,
        0.718892706744603,
        0.7178883597494203,
        0.7133515607588665,
        0.7154091212009764,
        0.7085821100306894,
        0.6935117248772691,
        0.7017450082876774,
        0.6869832855661956,
        0.688411321274577,
        0.6929296567686114,
        0.6774759622675232,
        0.6872063376773863,
        0.6805044008126512,
        0.6667157658024683,
        0.6630463542690678,
        0.6592925269759924,
        0.6578113963489037,
        0.6618074348889411,
        0.6527654575034332,
        0.6459019853099167,
        0.6452771317126282,
        0.6416123755488025,
        0.6398282198071922,
        0.6326985807516077,
        0.6370140801843518,
        0.6242239862054181,
        0.6252078076522931,
        0.6174898296042043,
        0.6230871216917804,
        0.6174951482872733,
        0.6230640031203941
    ],
    "train_acc": [
        0.8161310259579728,
        0.8164400494437577,
        0.8164400494437577,
        0.8164400494437577,
        0.8164400494437577,
        0.8164400494437577,
        0.8161310259579728,
        0.8176761433868974,
        0.8182941903584673,
        0.8204573547589616,
        0.8213844252163165,
        0.8201483312731768,
        0.8210754017305315,
        0.823238566131026,
        0.8263288009888752,
        0.8210754017305315,
        0.823238566131026,
        0.8281829419035847,
        0.8247836835599506,
        0.8244746600741656,
        0.823238566131026,
        0.82663782447466,
        0.8235475896168108,
        0.8275648949320148,
        0.8247836835599506,
        0.8303461063040791,
        0.82663782447466,
        0.8278739184177998,
        0.8235475896168108,
        0.8343634116192831,
        0.8272558714462299,
        0.8263288009888752,
        0.8226205191594561,
        0.8288009888751545,
        0.830964153275649,
        0.8281829419035847,
        0.8257107540173053,
        0.8275648949320148,
        0.8343634116192831,
        0.8331273176761433,
        0.8337453646477132,
        0.8362175525339925,
        0.8278739184177998,
        0.8325092707045736,
        0.8297280593325093,
        0.8343634116192831,
        0.8374536464771323,
        0.8300370828182941,
        0.8328182941903585,
        0.8318912237330037,
        0.8405438813349815,
        0.8371446229913473,
        0.8352904820766378,
        0.8331273176761433,
        0.8371446229913473,
        0.8399258343634116,
        0.8343634116192831,
        0.8389987639060569,
        0.8377626699629172,
        0.8359085290482077,
        0.8368355995055624,
        0.842707045735476,
        0.8420889987639061,
        0.8393077873918418,
        0.8417799752781211,
        0.8420889987639061,
        0.8445611866501854,
        0.8402348578491965,
        0.8430160692212608,
        0.8393077873918418,
        0.8405438813349815,
        0.8417799752781211,
        0.8464153275648949,
        0.8445611866501854,
        0.8374536464771323,
        0.842707045735476,
        0.8439431396786156,
        0.8433250927070457,
        0.8473423980222496,
        0.8442521631644005,
        0.8433250927070457
    ],
    "val_loss": [
        1.299886699025157,
        1.2481737312047556,
        1.2264130445309949,
        1.2052792767626408,
        1.1817981361999292,
        1.1560436658969186,
        1.1354653122445693,
        1.1154484953248192,
        1.0968157145750281,
        1.0809288134835981,
        1.0640551088866308,
        1.0486429149891525,
        1.034046207278194,
        1.0188216836720447,
        1.0048588249800186,
        0.9914464414635035,
        0.9808624666774651,
        0.9672684605939244,
        0.9584439151225241,
        0.9467281645931497,
        0.9383862655856767,
        0.9286134000813927,
        0.9195745140743531,
        0.9116088854476423,
        0.9057379251598281,
        0.8982437941801308,
        0.8928996008479974,
        0.8864570383723256,
        0.8793424955362545,
        0.8743135020437433,
        0.8688330956082523,
        0.8661651408637978,
        0.8594147241768301,
        0.8576733483704778,
        0.8520621892698217,
        0.8474915855556125,
        0.843334202464101,
        0.8401336858870316,
        0.8386787930208256,
        0.8367325060649289,
        0.8337877212408984,
        0.8297626147696195,
        0.8267589749108131,
        0.8238969613564461,
        0.8227299228525299,
        0.8203404401496096,
        0.8175127930531241,
        0.8179994094955818,
        0.8177761607280039,
        0.8142671713911491,
        0.8122987786699785,
        0.811299068783477,
        0.8089718351446586,
        0.8084150844760862,
        0.8065141027186721,
        0.8069772313238908,
        0.8070549150708773,
        0.803661134126207,
        0.8046134591789685,
        0.8029317075993211,
        0.8019482594745647,
        0.8035197886678602,
        0.8019705840764884,
        0.8017411927668436,
        0.8012799752892266,
        0.800361330124418,
        0.801206363552929,
        0.8002729010513262,
        0.8020589626488149,
        0.801065214257419,
        0.7984934816786466,
        0.7992030981638246,
        0.8028158028462434,
        0.8029094637299133,
        0.8004421861439686,
        0.8005148620701661,
        0.800392364218874,
        0.7994359590821719,
        0.7993222665718035,
        0.8002830005173037,
        0.8000684287774803
    ],