{
    "accuracy": 0.8317117117117118,
    "macro_avg_f1": 0.5854652472073207,
    "weighted_avg_f1": 0.839068224959173,
    "confusion_matrix": [
        [
            86,
            38,
            3,
            9,
            6
        ],
        [
            66,
            2007,
            105,
            27,
            61
        ],
        [
            7,
            63,
            142,
            5,
            1
        ],
        [
            7,
            11,
            2,
            27,
            3
        ],
        [
            9,
            40,
            2,
            2,
            46
        ]
    ],
    "classification_report": {
        "Anger": {
            "precision": 0.49142857142857144,
            "recall": 0.6056338028169014,
            "f1-score": 0.5425867507886435,
            "support": 142.0
        },
        "Neutral": {
            "precision": 0.9295970356646596,
            "recall": 0.8857016769638129,
            "f1-score": 0.9071186440677966,
            "support": 2266.0
        },
        "Joy": {
            "precision": 0.5590551181102362,
            "recall": 0.6513761467889908,
            "f1-score": 0.6016949152542372,
            "support": 218.0
        },
        "Sadness": {
            "precision": 0.38571428571428573,
            "recall": 0.54,
            "f1-score": 0.45,
            "support": 50.0
        },
        "Fear": {
            "precision": 0.39316239316239315,
            "recall": 0.46464646464646464,
            "f1-score": 0.42592592592592593,
            "support": 99.0
        },
        "accuracy": 0.8317117117117118,
        "macro avg": {
            "precision": 0.5517914808160291,
            "recall": 0.6294716182432338,
            "f1-score": 0.5854652472073207,
            "support": 2775.0
        },
        "weighted avg": {
            "precision": 0.8491288457354229,
            "recall": 0.8317117117117118,
            "f1-score": 0.839068224959173,
            "support": 2775.0
        }
    }
}