{
    "accuracy": 0.8011527377521613,
    "macro_avg_f1": 0.5053359289208347,
    "weighted_avg_f1": 0.8075882702660268,
    "confusion_matrix": [
        [
            33,
            26,
            6,
            0,
            6
        ],
        [
            42,
            994,
            59,
            11,
            27
        ],
        [
            6,
            44,
            59,
            0,
            0
        ],
        [
            5,
            5,
            2,
            10,
            3
        ],
        [
            5,
            24,
            3,
            2,
            16
        ]
    ],
    "classification_report": {
        "Anger": {
            "precision": 0.3626373626373626,
            "recall": 0.4647887323943662,
            "f1-score": 0.4074074074074074,
            "support": 71.0
        },
        "Neutral": {
            "precision": 0.909423604757548,
            "recall": 0.8773168578993822,
            "f1-score": 0.8930817610062893,
            "support": 1133.0
        },
        "Joy": {
            "precision": 0.4573643410852713,
            "recall": 0.5412844036697247,
            "f1-score": 0.4957983193277311,
            "support": 109.0
        },
        "Sadness": {
            "precision": 0.43478260869565216,
            "recall": 0.4,
            "f1-score": 0.4166666666666667,
            "support": 25.0
        },
        "Fear": {
            "precision": 0.3076923076923077,
            "recall": 0.32,
            "f1-score": 0.3137254901960784,
            "support": 50.0
        },
        "accuracy": 0.8011527377521613,
        "macro avg": {
            "precision": 0.4943800449736283,
            "recall": 0.5206779987926946,
            "f1-score": 0.5053359289208347,
            "support": 1388.0
        },
        "weighted avg": {
            "precision": 0.8157284515258328,
            "recall": 0.8011527377521613,
            "f1-score": 0.8075882702660268,
            "support": 1388.0
        }
    }
}