{
    "accuracy": 0.8432432432432433,
    "macro_avg_f1": 0.5095934123474658,
    "weighted_avg_f1": 0.8282114252171343,
    "confusion_matrix": [
        [
            49,
            84,
            4,
            1,
            4
        ],
        [
            24,
            2151,
            60,
            13,
            18
        ],
        [
            4,
            107,
            102,
            2,
            3
        ],
        [
            5,
            21,
            1,
            17,
            6
        ],
        [
            7,
            69,
            0,
            2,
            21
        ]
    ],
    "classification_report": {
        "Anger": {
            "precision": 0.550561797752809,
            "recall": 0.34507042253521125,
            "f1-score": 0.42424242424242425,
            "support": 142.0
        },
        "Neutral": {
            "precision": 0.8844572368421053,
            "recall": 0.9492497793468667,
            "f1-score": 0.9157088122605364,
            "support": 2266.0
        },
        "Joy": {
            "precision": 0.6107784431137725,
            "recall": 0.46788990825688076,
            "f1-score": 0.5298701298701298,
            "support": 218.0
        },
        "Sadness": {
            "precision": 0.4857142857142857,
            "recall": 0.34,
            "f1-score": 0.4,
            "support": 50.0
        },
        "Fear": {
            "precision": 0.40384615384615385,
            "recall": 0.21212121212121213,
            "f1-score": 0.2781456953642384,
            "support": 99.0
        },
        "accuracy": 0.8432432432432433,
        "macro avg": {
            "precision": 0.5870715834538253,
            "recall": 0.46286626445203416,
            "f1-score": 0.5095934123474658,
            "support": 2775.0
        },
        "weighted avg": {
            "precision": 0.8215409218307732,
            "recall": 0.8432432432432433,
            "f1-score": 0.8282114252171343,
            "support": 2775.0
        }
    }
}