{
    "train_loss": [
        1.3496660394927922,
        1.262490913511354,
        1.2263226422892217,
        1.2064854009042416,
        1.1722822067764103,
        1.1395277979936824,
        1.1116858599212467,
        1.0833569750355554,
        1.063971862804757,
        1.0373790214766088,
        1.01946790359813,
        0.9977355199337595,
        1.0001533281596835,
        0.9780648428076425,
        0.9680626058792154,
        0.9529740219505225,
        0.9560142213246141,
        0.9340951158693901,
        0.9155435220272785,
        0.9113390050800828,
        0.9147650708521547,
        0.8867039018862032,
        0.8868132240250615,
        0.8769750771180661,
        0.8819142230435266,
        0.8724005568602177,
        0.8678420171675783,
        0.8595989594058732,
        0.857424844438567,
        0.8549783659364444,
        0.8446304003152034,
        0.8433843877613176,
        0.828816089479826,
        0.8252175717772305,
        0.8191813249670531,
        0.8141477174310955,
        0.8124642985123491,
        0.8121998445286297,
        0.8045687315932605,
        0.809379259794398,
        0.7803233978332783,
        0.7896286028129945,
        0.787082609862126,
        0.7736703076011907,
        0.7656328269224084,
        0.7707425871649838,
        0.7709599897652238,
        0.7609123727594524,
        0.7532804466148537,
        0.768883290595855,
        0.7524253133642953,
        0.7553248510077798,
        0.7539418617122989,
        0.7401208441027605,
        0.7367306812879328,
        0.7318602058442473,
        0.7293160248303737,
        0.7255822149725868,
        0.7234512225659138,
        0.7261390799866029,
        0.7200416955355513,
        0.7083567188608337,
        0.7097362089068692,
        0.6970783086730759,
        0.701886536809069,
        0.6904183180429437,
        0.6970048232190541,
        0.6967529932633318,
        0.688737107148424,
        0.691116653797211,
        0.6865184094540415,
        0.6799984889286852,
        0.6762804768067797,
        0.6718435345680369,
        0.6711490357614713,
        0.6656980975007245,
        0.6540000499842046,
        0.6577083982333854,
        0.658350233831276,
        0.6506466221234707,
        0.6525448495879014,
        0.6516530779737183,
        0.6403934780245806,
        0.6518482929107138,
        0.6414724085180662,
        0.6501977539475091,
        0.648946741013356
    ],
    "train_acc": [
        0.8145859085290482,
        0.8164400494437577,
        0.8164400494437577,
        0.8161310259579728,
        0.8158220024721878,
        0.8176761433868974,
        0.818912237330037,
        0.8195302843016069,
        0.818912237330037,
        0.819221260815822,
        0.8152039555006181,
        0.8182941903584673,
        0.8164400494437577,
        0.8167490729295427,
        0.8124227441285538,
        0.8161310259579728,
        0.8142768850432633,
        0.8111866501854141,
        0.8124227441285538,
        0.8068603213844252,
        0.8080964153275649,
        0.8071693448702101,
        0.8130407911001236,
        0.8050061804697157,
        0.8028430160692213,
        0.8068603213844252,
        0.8108776266996292,
        0.8142768850432633,
        0.8105686032138443,
        0.80778739184178,
        0.804079110012361,
        0.8105686032138443,
        0.8068603213844252,
        0.8056242274412856,
        0.8093325092707045,
        0.8090234857849197,
        0.8090234857849197,
        0.8093325092707045,
        0.8167490729295427,
        0.8084054388133498,
        0.8170580964153276,
        0.8127317676143387,
        0.8139678615574784,
        0.8164400494437577,
        0.8176761433868974,
        0.8158220024721878,
        0.8145859085290482,
        0.8186032138442522,
        0.8139678615574784,
        0.8124227441285538,
        0.8198393077873919,
        0.8136588380716935,
        0.8111866501854141,
        0.8238566131025958,
        0.8164400494437577,
        0.8213844252163165,
        0.823238566131026,
        0.8216934487021014,
        0.822929542645241,
        0.8204573547589616,
        0.8210754017305315,
        0.8241656365883807,
        0.8263288009888752,
        0.8238566131025958,
        0.8272558714462299,
        0.8244746600741656,
        0.823238566131026,
        0.8223114956736712,
        0.8300370828182941,
        0.8238566131025958,
        0.8284919653893696,
        0.8254017305315204,
        0.8291100123609394,
        0.8303461063040791,
        0.8223114956736712,
        0.8254017305315204,
        0.8340543881334982,
        0.8297280593325093,
        0.830655129789864,
        0.8328182941903585,
        0.8312731767614339,
        0.8328182941903585,
        0.8337453646477132,
        0.8297280593325093,
        0.834672435105068,
        0.8352904820766378,
        0.8263288009888752
    ],
    "val_loss": [
        1.2645310458944579,
        1.235527819103054,
        1.2008804574136431,
        1.167924244740511,
        1.138377414484876,
        1.1127108521008011,
        1.0879384071407814,
        1.0645247878190076,
        1.047821315461689,
        1.0282085905501066,
        1.0142220555877135,
        0.997514804776876,
        0.9870767213769193,
        0.9749137723136704,
        0.9693764824345064,
        0.9552248171839316,
        0.9474799943932195,
        0.9399725820557872,
        0.9386126428241345,
        0.9267806000256057,
        0.9223012889840074,
        0.9158803006414035,
        0.9100969437219911,
        0.9060446061730728,
        0.9009563783747319,
        0.8992254012599802,
        0.8930344339406456,
        0.8908016870619584,
        0.8869601488113403,
        0.8842346163235755,
        0.8796487089879919,
        0.8812500063211842,
        0.8767242821561501,
        0.8786858306494502,
        0.8773224444829077,
        0.8688581577295529,
        0.8665078101996386,
        0.8645317272768928,
        0.8631606179286836,
        0.8611889964221877,
        0.8621950252598919,
        0.8596341487997203,
        0.8571834512677591,
        0.8550294359410531,
        0.8546610510658462,
        0.855070253957589,
        0.8518462184526735,
        0.8559349380240316,
        0.8550160601090973,
        0.8492317587910193,
        0.8491722919068351,
        0.8532287215636856,
        0.8526405906814664,
        0.8438594282875831,
        0.8426317326960715,
        0.8424995916034028,
        0.844455598067138,
        0.8449947205331896,
        0.8404577678493532,
        0.8394668162384363,
        0.8408406749582428,
        0.8408434269064098,
        0.8390136661721925,
        0.8419697801730132,
        0.8379858673821265,
        0.8402572734555181,
        0.8376898600663507,
        0.83970478031065,
        0.8374754908449025,
        0.8384414547114963,
        0.8420891347810927,
        0.8365072719645431,
        0.837656306430311,
        0.8410031611706407,
        0.8368982695021615,
        0.8366739533476596,
        0.8356002818267009,
        0.8359385163708448,
        0.8357738574231393,
        0.8364051851827747,
        0.8370377093295887,
        0.8365808452240672,
        0.8372835638887257,
        0.8383646380660856,
        0.837195268797256,
        0.8366071449576606,
        0.837032318458777
    ],