{
    "accuracy": 0.8378378378378378,
    "macro_avg_f1": 0.5835738684272765,
    "weighted_avg_f1": 0.8421372461900696,
    "confusion_matrix": [
        [
            79,
            45,
            4,
            3,
            11
        ],
        [
            59,
            2036,
            99,
            28,
            44
        ],
        [
            6,
            66,
            144,
            2,
            0
        ],
        [
            4,
            7,
            3,
            30,
            6
        ],
        [
            10,
            43,
            3,
            7,
            36
        ]
    ],
    "classification_report": {
        "Anger": {
            "precision": 0.5,
            "recall": 0.5563380281690141,
            "f1-score": 0.5266666666666666,
            "support": 142.0
        },
        "Neutral": {
            "precision": 0.9267182521620392,
            "recall": 0.8984995586937334,
            "f1-score": 0.9123907685413399,
            "support": 2266.0
        },
        "Joy": {
            "precision": 0.5691699604743083,
            "recall": 0.6605504587155964,
            "f1-score": 0.6114649681528662,
            "support": 218.0
        },
        "Sadness": {
            "precision": 0.42857142857142855,
            "recall": 0.6,
            "f1-score": 0.5,
            "support": 50.0
        },
        "Fear": {
            "precision": 0.3711340206185567,
            "recall": 0.36363636363636365,
            "f1-score": 0.3673469387755102,
            "support": 99.0
        },
        "accuracy": 0.8378378378378378,
        "macro avg": {
            "precision": 0.5591187323652665,
            "recall": 0.6158048818429416,
            "f1-score": 0.5835738684272765,
            "support": 2775.0
        },
        "weighted avg": {
            "precision": 0.8479976397305903,
            "recall": 0.8378378378378378,
            "f1-score": 0.8421372461900696,
            "support": 2775.0
        }
    }
}