{
    "accuracy": 0.8479279279279279,
    "macro_avg_f1": 0.5076997751560712,
    "weighted_avg_f1": 0.8307110145180959,
    "confusion_matrix": [
        [
            51,
            79,
            5,
            2,
            5
        ],
        [
            25,
            2165,
            49,
            10,
            17
        ],
        [
            4,
            109,
            104,
            1,
            0
        ],
        [
            7,
            26,
            3,
            14,
            0
        ],
        [
            2,
            75,
            3,
            0,
            19
        ]
    ],
    "classification_report": {
        "Anger": {
            "precision": 0.5730337078651685,
            "recall": 0.3591549295774648,
            "f1-score": 0.44155844155844154,
            "support": 142.0
        },
        "Neutral": {
            "precision": 0.8822330888345559,
            "recall": 0.9554280670785525,
            "f1-score": 0.9173728813559322,
            "support": 2266.0
        },
        "Joy": {
            "precision": 0.6341463414634146,
            "recall": 0.47706422018348627,
            "f1-score": 0.5445026178010471,
            "support": 218.0
        },
        "Sadness": {
            "precision": 0.5185185185185185,
            "recall": 0.28,
            "f1-score": 0.36363636363636365,
            "support": 50.0
        },
        "Fear": {
            "precision": 0.4634146341463415,
            "recall": 0.1919191919191919,
            "f1-score": 0.2714285714285714,
            "support": 99.0
        },
        "accuracy": 0.8479279279279279,
        "macro avg": {
            "precision": 0.6142692581655999,
            "recall": 0.45271328175173914,
            "f1-score": 0.5076997751560712,
            "support": 2775.0
        },
        "weighted avg": {
            "precision": 0.8254266100761788,
            "recall": 0.8479279279279279,
            "f1-score": 0.8307110145180959,
            "support": 2775.0
        }
    }
}