{
    "accuracy": 0.8386167146974063,
    "macro_avg_f1": 0.5976572403272711,
    "weighted_avg_f1": 0.8438775247835082,
    "confusion_matrix": [
        [
            47,
            18,
            2,
            0,
            4
        ],
        [
            35,
            1013,
            59,
            6,
            20
        ],
        [
            6,
            29,
            73,
            1,
            0
        ],
        [
            6,
            3,
            1,
            13,
            2
        ],
        [
            3,
            23,
            3,
            3,
            18
        ]
    ],
    "classification_report": {
        "Anger": {
            "precision": 0.4845360824742268,
            "recall": 0.6619718309859155,
            "f1-score": 0.5595238095238095,
            "support": 71.0
        },
        "Neutral": {
            "precision": 0.932780847145488,
            "recall": 0.8940864960282436,
            "f1-score": 0.9130238846327174,
            "support": 1133.0
        },
        "Joy": {
            "precision": 0.5289855072463768,
            "recall": 0.6697247706422018,
            "f1-score": 0.5910931174089069,
            "support": 109.0
        },
        "Sadness": {
            "precision": 0.5652173913043478,
            "recall": 0.52,
            "f1-score": 0.5416666666666666,
            "support": 25.0
        },
        "Fear": {
            "precision": 0.4090909090909091,
            "recall": 0.36,
            "f1-score": 0.3829787234042553,
            "support": 50.0
        },
        "accuracy": 0.8386167146974063,
        "macro avg": {
            "precision": 0.5841221474522696,
            "recall": 0.6211566195312722,
            "f1-score": 0.5976572403272711,
            "support": 1388.0
        },
        "weighted avg": {
            "precision": 0.8526564569153583,
            "recall": 0.8386167146974063,
            "f1-score": 0.8438775247835082,
            "support": 1388.0
        }
    }
}