{
    "accuracy": 0.8357348703170029,
    "macro_avg_f1": 0.3608633342796206,
    "weighted_avg_f1": 0.8024169168265506,
    "confusion_matrix": [
        [
            21,
            46,
            4,
            0,
            0
        ],
        [
            12,
            1096,
            23,
            0,
            2
        ],
        [
            2,
            66,
            41,
            0,
            0
        ],
        [
            6,
            15,
            3,
            0,
            1
        ],
        [
            3,
            44,
            1,
            0,
            2
        ]
    ],
    "classification_report": {
        "Anger": {
            "precision": 0.4772727272727273,
            "recall": 0.29577464788732394,
            "f1-score": 0.3652173913043478,
            "support": 71.0
        },
        "Neutral": {
            "precision": 0.8650355169692187,
            "recall": 0.9673433362753752,
            "f1-score": 0.9133333333333333,
            "support": 1133.0
        },
        "Joy": {
            "precision": 0.5694444444444444,
            "recall": 0.3761467889908257,
            "f1-score": 0.4530386740331492,
            "support": 109.0
        },
        "Sadness": {
            "precision": 0.0,
            "recall": 0.0,
            "f1-score": 0.0,
            "support": 25.0
        },
        "Fear": {
            "precision": 0.4,
            "recall": 0.04,
            "f1-score": 0.07272727272727272,
            "support": 50.0
        },
        "accuracy": 0.8357348703170029,
        "macro avg": {
            "precision": 0.4623505377372781,
            "recall": 0.33585295463070497,
            "f1-score": 0.3608633342796206,
            "support": 1388.0
        },
        "weighted avg": {
            "precision": 0.789654934298943,
            "recall": 0.8357348703170029,
            "f1-score": 0.8024169168265506,
            "support": 1388.0
        }
    }
}