{
    "accuracy": 0.8364553314121037,
    "macro_avg_f1": 0.37502148895579224,
    "weighted_avg_f1": 0.8029700492328588,
    "classification_report": {
        "0": {
            "precision": 0.5,
            "recall": 0.29577464788732394,
            "f1-score": 0.37168141592920356,
            "support": 71.0
        },
        "1": {
            "precision": 0.8632075471698113,
            "recall": 0.9691085613415711,
            "f1-score": 0.9130977130977131,
            "support": 1133.0
        },
        "2": {
            "precision": 0.5735294117647058,
            "recall": 0.3577981651376147,
            "f1-score": 0.4406779661016949,
            "support": 109.0
        },
        "3": {
            "precision": 1.0,
            "recall": 0.04,
            "f1-score": 0.07692307692307693,
            "support": 25.0
        },
        "4": {
            "precision": 0.4,
            "recall": 0.04,
            "f1-score": 0.07272727272727272,
            "support": 50.0
        },
        "accuracy": 0.8364553314121037,
        "macro avg": {
            "precision": 0.6673473917869035,
            "recall": 0.34053627487330196,
            "f1-score": 0.37502148895579224,
            "support": 1388.0
        },
        "weighted avg": {
            "precision": 0.8076576778283496,
            "recall": 0.8364553314121037,
            "f1-score": 0.8029700492328588,
            "support": 1388.0
        }
    }
}