{
    "accuracy": 0.8501440922190202,
    "macro_avg_f1": 0.4543945325452402,
    "weighted_avg_f1": 0.8250573070165195,
    "confusion_matrix": [
        [
            26,
            42,
            3,
            0,
            0
        ],
        [
            10,
            1097,
            23,
            0,
            3
        ],
        [
            0,
            60,
            49,
            0,
            0
        ],
        [
            5,
            11,
            3,
            3,
            3
        ],
        [
            3,
            41,
            1,
            0,
            5
        ]
    ],
    "classification_report": {
        "Anger": {
            "precision": 0.5909090909090909,
            "recall": 0.36619718309859156,
            "f1-score": 0.45217391304347826,
            "support": 71.0
        },
        "Neutral": {
            "precision": 0.876898481215028,
            "recall": 0.9682259488084731,
            "f1-score": 0.9203020134228188,
            "support": 1133.0
        },
        "Joy": {
            "precision": 0.620253164556962,
            "recall": 0.44954128440366975,
            "f1-score": 0.5212765957446809,
            "support": 109.0
        },
        "Sadness": {
            "precision": 1.0,
            "recall": 0.12,
            "f1-score": 0.21428571428571427,
            "support": 25.0
        },
        "Fear": {
            "precision": 0.45454545454545453,
            "recall": 0.1,
            "f1-score": 0.16393442622950818,
            "support": 50.0
        },
        "accuracy": 0.8501440922190202,
        "macro avg": {
            "precision": 0.7085212382453071,
            "recall": 0.4007928832621469,
            "f1-score": 0.4543945325452402,
            "support": 1388.0
        },
        "weighted avg": {
            "precision": 0.829117717820716,
            "recall": 0.8501440922190202,
            "f1-score": 0.8250573070165195,
            "support": 1388.0
        }
    }
}