{
    "accuracy": 0.8537463976945245,
    "macro_avg_f1": 0.4627034918381698,
    "weighted_avg_f1": 0.8287910266169871,
    "confusion_matrix": [
        [
            27,
            42,
            2,
            0,
            0
        ],
        [
            10,
            1099,
            21,
            0,
            3
        ],
        [
            0,
            58,
            51,
            0,
            0
        ],
        [
            5,
            12,
            3,
            3,
            2
        ],
        [
            3,
            41,
            1,
            0,
            5
        ]
    ],
    "classification_report": {
        "Anger": {
            "precision": 0.6,
            "recall": 0.38028169014084506,
            "f1-score": 0.46551724137931033,
            "support": 71.0
        },
        "Neutral": {
            "precision": 0.8777955271565495,
            "recall": 0.969991173874669,
            "f1-score": 0.9215932914046122,
            "support": 1133.0
        },
        "Joy": {
            "precision": 0.6538461538461539,
            "recall": 0.46788990825688076,
            "f1-score": 0.5454545454545454,
            "support": 109.0
        },
        "Sadness": {
            "precision": 1.0,
            "recall": 0.12,
            "f1-score": 0.21428571428571427,
            "support": 25.0
        },
        "Fear": {
            "precision": 0.5,
            "recall": 0.1,
            "f1-score": 0.16666666666666666,
            "support": 50.0
        },
        "accuracy": 0.8537463976945245,
        "macro avg": {
            "precision": 0.7263283362005406,
            "recall": 0.40763255445447905,
            "f1-score": 0.4627034918381698,
            "support": 1388.0
        },
        "weighted avg": {
            "precision": 0.8345904632835744,
            "recall": 0.8537463976945245,
            "f1-score": 0.8287910266169871,
            "support": 1388.0
        }
    }
}