{
    "train_loss": [
        1.0107388653398646,
        0.690852085133894,
        0.653295075011257,
        0.6185009470038264,
        0.5864545264301907,
        0.5599860119134551,
        0.5349793088375353,
        0.5159059877872982,
        0.49854667720259865,
        0.4850465304183846,
        0.4709615665223929,
        0.46118865311652235,
        0.4504532331240227,
        0.44201412704431825,
        0.43168152073389887,
        0.42585182860182885,
        0.41933620533599897,
        0.41068212155044936,
        0.40492537328085687,
        0.3991298244501512,
        0.3915257122745732,
        0.38860951941739497,
        0.38197025915910815,
        0.37637789789158504,
        0.3708912747758591,
        0.3688324944609821,
        0.36380203646300807,
        0.3611910679269275,
        0.35557955465249735,
        0.35117960510271584,
        0.3486209027037524,
        0.34533215318869054,
        0.3398148778779382,
        0.3369635716851852,
        0.3344422038405715,
        0.3320028213284842,
        0.32545381934532663,
        0.3252318913999599,
        0.3225513716928561,
        0.3147196318098443,
        0.31204381404640535,
        0.31065081007676204,
        0.3074841420046056,
        0.3053802311346775,
        0.30277667144074905,
        0.29943265328285923,
        0.2960164645966157,
        0.2953057588942357,
        0.29169098991672204,
        0.2869073050849113,
        0.28636472881365166,
        0.2816953639513224,
        0.2814521685866508,
        0.2773056565430697,
        0.27629844307733725,
        0.27213420742389205,
        0.27302392731121,
        0.2708300495283986,
        0.2636885607254555,
        0.2642696767276541,
        0.2623699738891678,
        0.25976164440329325,
        0.25875140244747524,
        0.2597205917387349,
        0.25868829094171614,
        0.25686281141386913,
        0.25709150952099835,
        0.25417817617547434,
        0.25100657141284155,
        0.251943036736614,
        0.2512871986970124,
        0.2523840354948605,
        0.2476580956380739,
        0.24813573983929985,
        0.2469977148990257,
        0.2455628192486469,
        0.242692745456588,
        0.24462704998612975,
        0.2431043173174539
    ],
    "train_acc": [
        0.8138421133940985,
        0.8163139193573304,
        0.8163139193573304,
        0.8163139193573304,
        0.8163139193573304,
        0.8209485555383902,
        0.8240383129924301,
        0.8286729491734899,
        0.8323806581183377,
        0.8376332457902055,
        0.8402595396261393,
        0.8445852000617952,
        0.8467480302796231,
        0.8496832998609609,
        0.8515371543333848,
        0.8549358875328287,
        0.8592615479684845,
        0.8621968175498224,
        0.8606519388228024,
        0.8621968175498224,
        0.8662135022400742,
        0.8674494052216901,
        0.8716205777846439,
        0.8723930171481539,
        0.8737834080024718,
        0.8737834080024718,
        0.8736289201297698,
        0.8747103352386838,
        0.8759462382202997,
        0.8787270199289355,
        0.8804263865286575,
        0.8835161439826974,
        0.8815078016375715,
        0.8819712652556775,
        0.8822802410010814,
        0.8828981924918894,
        0.889077707399969,
        0.8855244863278232,
        0.8866059014367372,
        0.889077707399969,
        0.8893866831453731,
        0.8893866831453731,
        0.891704001235903,
        0.892167464854009,
        0.892321952726711,
        0.8926309284721149,
        0.8926309284721149,
        0.8944847829445388,
        0.8958751737988568,
        0.9003553221072146,
        0.8963386374169627,
        0.8968021010350687,
        0.8998918584891086,
        0.8998918584891086,
        0.9031361038158504,
        0.9017457129615325,
        0.8998918584891086,
        0.9032905916885524,
        0.9046809825428704,
        0.9057623976517843,
        0.9062258612698904,
        0.9091611308512282,
        0.9093156187239302,
        0.9097790823420362,
        0.9091611308512282,
        0.9091611308512282,
        0.9074617642515063,
        0.9066893248879963,
        0.9108604974509501,
        0.9103970338328441,
        0.9111694731963541,
        0.9116329368144601,
        0.911941912559864,
        0.9107060095782481,
        0.9134867912868839,
        0.9134867912868839,
        0.9147226942685,
        0.9134867912868839,
        0.9139502549049899
    ],
    "val_loss": [
        0.712138280471166,
        0.6706889276891141,
        0.638959753620732,
        0.6092742493131139,
        0.583655933759234,
        0.5619970041513443,
        0.5441254714587788,
        0.5291035653825279,
        0.5161443581989219,
        0.5058440243231284,
        0.49659991558070654,
        0.49157558558223485,
        0.48300751160930944,
        0.47751139636512274,
        0.47258102506667643,
        0.4684687652190526,
        0.46457556299798125,
        0.4600794495709308,
        0.45740719564057686,
        0.45436648402396623,
        0.4515458210175102,
        0.44897655236022965,
        0.4482823503742347,
        0.4452337558339308,
        0.44473375940645066,
        0.44293977005524676,
        0.44051588166404415,
        0.4399405588088809,
        0.43745647723341846,
        0.4370160402236758,
        0.4359774824090906,
        0.4362217096863566,
        0.433893131699648,
        0.4322857132929939,
        0.43118447800477344,
        0.43091068220031153,
        0.429927763630141,
        0.42982734722597105,
        0.4285353692426338,
        0.42771456916858486,
        0.4272197747579566,
        0.42667069679981956,
        0.4265018925419799,
        0.4268994048533139,
        0.42685662020165643,
        0.4265662068907205,
        0.42567203298076856,
        0.42491174164924533,
        0.42476766275392996,
        0.42474378685424996,
        0.4247083993511157,
        0.42686705199984815,
        0.42455717615716093,
        0.42394050716548354,
        0.42319741228947766,
        0.4245623496711791,
        0.42355921538831953,
        0.42340289837336753,
        0.42437838756823326,
        0.42347704094540967,
        0.4231926218319584,
        0.4232249482311644,
        0.4230507770905624,
        0.4234530750104973,
        0.42346204781049007,
        0.4230870845403757,
        0.42273684255980154,
        0.42295643679730527,
        0.4226428593520646,
        0.4227128842687822,
        0.4227892166429812,
        0.4228787788319158,
        0.42292197983007174,
        0.4230111379854314,
        0.4229103889417004,
        0.42297087006203765,
        0.4228723394978154,
        0.42293711888092056,
        0.42314327097422366
    ],