{
    "accuracy": 0.7982708933717579,
    "macro_avg_f1": 0.48692358265780794,
    "weighted_avg_f1": 0.8061014696209505,
    "confusion_matrix": [
        [
            27,
            31,
            5,
            4,
            4
        ],
        [
            30,
            996,
            55,
            21,
            31
        ],
        [
            8,
            38,
            54,
            9,
            0
        ],
        [
            4,
            6,
            0,
            14,
            1
        ],
        [
            6,
            20,
            2,
            5,
            17
        ]
    ],
    "classification_report": {
        "Anger": {
            "precision": 0.36,
            "recall": 0.38028169014084506,
            "f1-score": 0.3698630136986301,
            "support": 71.0
        },
        "Neutral": {
            "precision": 0.9129239230064161,
            "recall": 0.8790820829655781,
            "f1-score": 0.89568345323741,
            "support": 1133.0
        },
        "Joy": {
            "precision": 0.46551724137931033,
            "recall": 0.4954128440366973,
            "f1-score": 0.48,
            "support": 109.0
        },
        "Sadness": {
            "precision": 0.2641509433962264,
            "recall": 0.56,
            "f1-score": 0.358974358974359,
            "support": 25.0
        },
        "Fear": {
            "precision": 0.32075471698113206,
            "recall": 0.34,
            "f1-score": 0.3300970873786408,
            "support": 50.0
        },
        "accuracy": 0.7982708933717579,
        "macro avg": {
            "precision": 0.46466936495261707,
            "recall": 0.5309553234286241,
            "f1-score": 0.48692358265780794,
            "support": 1388.0
        },
        "weighted avg": {
            "precision": 0.8164882518087727,
            "recall": 0.7982708933717579,
            "f1-score": 0.8061014696209505,
            "support": 1388.0
        }
    }
}