{
    "accuracy": 0.8497297297297297,
    "macro_avg_f1": 0.5241473424326659,
    "weighted_avg_f1": 0.8299677581924695,
    "confusion_matrix": [
        [
            42,
            92,
            3,
            1,
            4
        ],
        [
            27,
            2179,
            49,
            4,
            7
        ],
        [
            6,
            113,
            99,
            0,
            0
        ],
        [
            5,
            23,
            1,
            20,
            1
        ],
        [
            4,
            73,
            2,
            2,
            18
        ]
    ],
    "classification_report": {
        "Anger": {
            "precision": 0.5,
            "recall": 0.29577464788732394,
            "f1-score": 0.37168141592920356,
            "support": 142.0
        },
        "Neutral": {
            "precision": 0.8786290322580645,
            "recall": 0.9616063548102383,
            "f1-score": 0.9182469447956174,
            "support": 2266.0
        },
        "Joy": {
            "precision": 0.6428571428571429,
            "recall": 0.4541284403669725,
            "f1-score": 0.532258064516129,
            "support": 218.0
        },
        "Sadness": {
            "precision": 0.7407407407407407,
            "recall": 0.4,
            "f1-score": 0.5194805194805194,
            "support": 50.0
        },
        "Fear": {
            "precision": 0.6,
            "recall": 0.18181818181818182,
            "f1-score": 0.27906976744186046,
            "support": 99.0
        },
        "accuracy": 0.8497297297297297,
        "macro avg": {
            "precision": 0.6724453831711897,
            "recall": 0.4586655249765433,
            "f1-score": 0.5241473424326659,
            "support": 2775.0
        },
        "weighted avg": {
            "precision": 0.8283074887483491,
            "recall": 0.8497297297297297,
            "f1-score": 0.8299677581924695,
            "support": 2775.0
        }
    }
}