{
    "train_loss": [
        1.4736374766923883,
        1.2349608276771527,
        1.155211775647695,
        1.1069859738550316,
        1.0517032417584997,
        1.0189946824304843,
        0.9725496109174415,
        0.946828779961329,
        0.9247525038913684,
        0.9006569259172612,
        0.876635404098756,
        0.8650914418093206,
        0.8521382866521701,
        0.8308627504685017,
        0.8101119655466492,
        0.8033703975241323,
        0.7946104629078077,
        0.7785607640100792,
        0.7735914065605041,
        0.7586204169596671,
        0.7512289123570521,
        0.748069743143466,
        0.7332467391110763,
        0.7288346439415798,
        0.714650002707657,
        0.714144924588787,
        0.705110244462163,
        0.7006670257953838,
        0.6942763537057988,
        0.6755664648835827,
        0.6724825777730482,
        0.6711306632743925,
        0.6655573626089155,
        0.6586988223497888,
        0.6513946766611672,
        0.6535267968407668,
        0.643532695596386,
        0.6423588112199262,
        0.627955211770844,
        0.6284313165065827,
        0.6109556615794692,
        0.6092794317250199,
        0.6109495349366526,
        0.6001114747285549,
        0.6018566283661002,
        0.5950334542540302,
        0.5919878855992307,
        0.5738256545679825,
        0.5869830209757253,
        0.5720001566505845,
        0.5804100859960902,
        0.5714415681671595,
        0.5584319599331973
    ],
    "train_acc": [
        0.6613102595797281,
        0.8170580964153276,
        0.8158220024721878,
        0.8145859085290482,
        0.8220024721878862,
        0.8142768850432633,
        0.8170580964153276,
        0.8170580964153276,
        0.8121137206427689,
        0.8152039555006181,
        0.8139678615574784,
        0.8170580964153276,
        0.8139678615574784,
        0.8198393077873919,
        0.8216934487021014,
        0.8186032138442522,
        0.8201483312731768,
        0.8201483312731768,
        0.8260197775030902,
        0.8297280593325093,
        0.822929542645241,
        0.8260197775030902,
        0.8257107540173053,
        0.8216934487021014,
        0.826946847960445,
        0.830655129789864,
        0.8300370828182941,
        0.8359085290482077,
        0.8291100123609394,
        0.8328182941903585,
        0.8325092707045736,
        0.8343634116192831,
        0.8362175525339925,
        0.838380716934487,
        0.8349814585908529,
        0.8389987639060569,
        0.838380716934487,
        0.8417799752781211,
        0.8430160692212608,
        0.8365265760197775,
        0.8473423980222496,
        0.8454882571075402,
        0.8507416563658838,
        0.8470333745364648,
        0.8470333745364648,
        0.84610630407911,
        0.8442521631644005,
        0.8513597033374537,
        0.8522867737948084,
        0.8541409147095179,
        0.8529048207663782,
        0.853831891223733,
        0.8550679851668727
    ],
    "val_loss": [
        1.28651572098306,
        1.1687531059001297,
        1.1134506146227592,
        1.0658042762396316,
        1.0270224653334714,
        0.9915433232310182,
        0.964231561171562,
        0.9420699927236573,
        0.9217993611904661,
        0.904841641527775,
        0.892139775952276,
        0.880522591579888,
        0.8719861440424961,
        0.8623913823699402,
        0.8554315056855809,
        0.8489321489155465,
        0.843919325802443,
        0.8392802444246386,
        0.8345342974154337,
        0.8315722334281855,
        0.8276390251233873,
        0.8243672672541066,
        0.8213143891491189,
        0.8189018775819015,
        0.8160733817633703,
        0.8146121237394789,
        0.8123341322975818,
        0.8115287995132314,
        0.8096110149144439,
        0.8074769116616043,
        0.8055998107541879,
        0.8051917010150657,
        0.8046733585833129,
        0.8029033651613021,
        0.8044347041622019,
        0.8030093681571806,
        0.8055460671183011,
        0.8013716135657143,
        0.8004497767181836,
        0.8005045916917345,
        0.800084459678584,
        0.7996517641400054,
        0.7991217084508121,
        0.7993818317091774,
        0.8017815993910907,
        0.8007481022595672,
        0.8002225598615597,
        0.8002970488339405,
        0.8001207717901004,
        0.8000733196220068,
        0.8002040307185149,
        0.8005759422304994,
        0.8005788630298647
    ],
    "val_acc": [
        0.8155619596541787,
        0.8170028818443804,
        0.819164265129683,
        0.8213256484149856,
        0.8148414985590778,
        0.8134005763688761,
        0.8134005763688761,
        0.8040345821325648,
        0.8061959654178674,
        0.803314121037464,
        0.803314121037464,
        0.8018731988472623,
        0.7997118155619597,
        0.8040345821325648,
        0.7968299711815562,
        0.8047550432276657,
        0.8061959654178674,
        0.8061959654178674,
        0.7997118155619597,
        0.792507204610951,
        0.8025936599423631,
        0.7997118155619597,
        0.7968299711815562,
        0.803314121037464,
        0.7997118155619597,
        0.7946685878962536,
        0.7910662824207493,
        0.7831412103746398,
        0.7946685878962536,
        0.7889048991354467,
        0.7932276657060519,
        0.8004322766570605,
        0.7932276657060519,
        0.7939481268011528,
        0.7997118155619597,
        0.7968299711815562,
        0.803314121037464,
        0.7896253602305475,
        0.7824207492795389,
        0.7896253602305475,
        0.7939481268011528,
        0.7889048991354467,
        0.7773775216138329,
        0.7889048991354467,
        0.8011527377521613,
        0.7946685878962536,
        0.797550432276657,
        0.797550432276657,
        0.7953890489913544,
        0.7939481268011528,
        0.7917867435158501,
        0.7953890489913544,
        0.7946685878962536
    ],
    "learning_rate": [
        0.0001,
        0.0001,
        0.0001,
        0.0001,
        0.0001,
        0.0001,
        0.0001,
        0.0001,
        0.0001,
        0.0001,
        0.0001,
        0.0001,
        0.0001,
        0.0001,
        0.0001,
        0.0001,
        0.0001,
        0.0001,
        0.0001,
        0.0001,
        0.0001,
        0.0001,
        0.0001,
        0.0001,
        0.0001,
        0.0001,
        0.0001,
        0.0001,
        0.0001,
        0.0001,
        0.0001,
        0.0001,
        0.0001,
        0.0001,
        0.0001,
        0.0001,
        0.0001,
        0.0001,
        0.0001,
        0.0001,
        0.0001,
        0.0001,
        0.0001,
        0.0001,
        0.0001,
        0.0001,
        5e-05,
        5e-05,
        5e-05,
        5e-05,
        2.5e-05,
        2.5e-05,
        2.5e-05
    ]
}