{
    "accuracy": 0.8407207207207207,
    "macro_avg_f1": 0.6129881202627052,
    "weighted_avg_f1": 0.8473475399995173,
    "confusion_matrix": [
        [
            93,
            36,
            4,
            3,
            6
        ],
        [
            66,
            2024,
            86,
            17,
            73
        ],
        [
            10,
            65,
            143,
            0,
            0
        ],
        [
            7,
            6,
            3,
            30,
            4
        ],
        [
            9,
            39,
            4,
            4,
            43
        ]
    ],
    "classification_report": {
        "Anger": {
            "precision": 0.5027027027027027,
            "recall": 0.6549295774647887,
            "f1-score": 0.5688073394495413,
            "support": 142.0
        },
        "Neutral": {
            "precision": 0.9327188940092166,
            "recall": 0.8932038834951457,
            "f1-score": 0.9125338142470695,
            "support": 2266.0
        },
        "Joy": {
            "precision": 0.5958333333333333,
            "recall": 0.6559633027522935,
            "f1-score": 0.6244541484716157,
            "support": 218.0
        },
        "Sadness": {
            "precision": 0.5555555555555556,
            "recall": 0.6,
            "f1-score": 0.5769230769230769,
            "support": 50.0
        },
        "Fear": {
            "precision": 0.3412698412698413,
            "recall": 0.43434343434343436,
            "f1-score": 0.38222222222222224,
            "support": 99.0
        },
        "accuracy": 0.8407207207207207,
        "macro avg": {
            "precision": 0.5856160653741299,
            "recall": 0.6476880396111324,
            "f1-score": 0.6129881202627052,
            "support": 2775.0
        },
        "weighted avg": {
            "precision": 0.8563531374193973,
            "recall": 0.8407207207207207,
            "f1-score": 0.8473475399995173,
            "support": 2775.0
        }
    }
}