{
    "accuracy": 0.8508108108108108,
    "macro_avg_f1": 0.47559595680145994,
    "weighted_avg_f1": 0.829739107997912,
    "confusion_matrix": [
        [
            40,
            94,
            5,
            1,
            2
        ],
        [
            18,
            2186,
            41,
            5,
            16
        ],
        [
            2,
            108,
            107,
            1,
            0
        ],
        [
            5,
            27,
            5,
            8,
            5
        ],
        [
            4,
            68,
            3,
            4,
            20
        ]
    ],
    "classification_report": {
        "Anger": {
            "precision": 0.5797101449275363,
            "recall": 0.28169014084507044,
            "f1-score": 0.3791469194312796,
            "support": 142.0
        },
        "Neutral": {
            "precision": 0.8803866290777286,
            "recall": 0.9646954986760812,
            "f1-score": 0.9206148662876396,
            "support": 2266.0
        },
        "Joy": {
            "precision": 0.6645962732919255,
            "recall": 0.4908256880733945,
            "f1-score": 0.5646437994722955,
            "support": 218.0
        },
        "Sadness": {
            "precision": 0.42105263157894735,
            "recall": 0.16,
            "f1-score": 0.2318840579710145,
            "support": 50.0
        },
        "Fear": {
            "precision": 0.46511627906976744,
            "recall": 0.20202020202020202,
            "f1-score": 0.28169014084507044,
            "support": 99.0
        },
        "accuracy": 0.8508108108108108,
        "macro avg": {
            "precision": 0.602172391589181,
            "recall": 0.41984630592294964,
            "f1-score": 0.47559595680145994,
            "support": 2775.0
        },
        "weighted avg": {
            "precision": 0.8249571433709325,
            "recall": 0.8508108108108108,
            "f1-score": 0.829739107997912,
            "support": 2775.0
        }
    }
}