{
    "accuracy": 0.8148414985590778,
    "macro_avg_f1": 0.5000822334816534,
    "weighted_avg_f1": 0.817135895506153,
    "confusion_matrix": [
        [
            33,
            30,
            3,
            3,
            2
        ],
        [
            28,
            1013,
            54,
            15,
            23
        ],
        [
            3,
            41,
            63,
            2,
            0
        ],
        [
            6,
            3,
            2,
            11,
            3
        ],
        [
            5,
            26,
            3,
            5,
            11
        ]
    ],
    "classification_report": {
        "Anger": {
            "precision": 0.44,
            "recall": 0.4647887323943662,
            "f1-score": 0.4520547945205479,
            "support": 71.0
        },
        "Neutral": {
            "precision": 0.9101527403414196,
            "recall": 0.8940864960282436,
            "f1-score": 0.9020480854853072,
            "support": 1133.0
        },
        "Joy": {
            "precision": 0.504,
            "recall": 0.5779816513761468,
            "f1-score": 0.5384615384615384,
            "support": 109.0
        },
        "Sadness": {
            "precision": 0.3055555555555556,
            "recall": 0.44,
            "f1-score": 0.36065573770491804,
            "support": 25.0
        },
        "Fear": {
            "precision": 0.28205128205128205,
            "recall": 0.22,
            "f1-score": 0.24719101123595505,
            "support": 50.0
        },
        "accuracy": 0.8148414985590778,
        "macro avg": {
            "precision": 0.4883519155896514,
            "recall": 0.5193713759597514,
            "f1-score": 0.5000822334816534,
            "support": 1388.0
        },
        "weighted avg": {
            "precision": 0.8206920085002026,
            "recall": 0.8148414985590778,
            "f1-score": 0.817135895506153,
            "support": 1388.0
        }
    }
}