{
    "accuracy": 0.8544144144144145,
    "macro_avg_f1": 0.5533788161703799,
    "weighted_avg_f1": 0.840018417582011,
    "confusion_matrix": [
        [
            53,
            80,
            4,
            1,
            4
        ],
        [
            26,
            2165,
            48,
            8,
            19
        ],
        [
            4,
            104,
            108,
            2,
            0
        ],
        [
            4,
            23,
            3,
            20,
            0
        ],
        [
            2,
            66,
            5,
            1,
            25
        ]
    ],
    "classification_report": {
        "Anger": {
            "precision": 0.5955056179775281,
            "recall": 0.3732394366197183,
            "f1-score": 0.4588744588744589,
            "support": 142.0
        },
        "Neutral": {
            "precision": 0.8880229696472518,
            "recall": 0.9554280670785525,
            "f1-score": 0.9204931972789115,
            "support": 2266.0
        },
        "Joy": {
            "precision": 0.6428571428571429,
            "recall": 0.4954128440366973,
            "f1-score": 0.5595854922279793,
            "support": 218.0
        },
        "Sadness": {
            "precision": 0.625,
            "recall": 0.4,
            "f1-score": 0.4878048780487805,
            "support": 50.0
        },
        "Fear": {
            "precision": 0.5208333333333334,
            "recall": 0.25252525252525254,
            "f1-score": 0.3401360544217687,
            "support": 99.0
        },
        "accuracy": 0.8544144144144145,
        "macro avg": {
            "precision": 0.6544438127630513,
            "recall": 0.49532112005204415,
            "f1-score": 0.5533788161703799,
            "support": 2775.0
        },
        "weighted avg": {
            "precision": 0.8359557492311132,
            "recall": 0.8544144144144145,
            "f1-score": 0.840018417582011,
            "support": 2775.0
        }
    }
}